-- MySQL dump 10.13  Distrib 5.6.17, for Win64 (x86_64)
--
-- Host: localhost    Database: supermarket
-- ------------------------------------------------------
-- Server version	5.6.17

/*!40101 SET @OLD_CHARACTER_SET_CLIENT=@@CHARACTER_SET_CLIENT */;
/*!40101 SET @OLD_CHARACTER_SET_RESULTS=@@CHARACTER_SET_RESULTS */;
/*!40101 SET @OLD_COLLATION_CONNECTION=@@COLLATION_CONNECTION */;
/*!40101 SET NAMES utf8 */;
/*!40103 SET @OLD_TIME_ZONE=@@TIME_ZONE */;
/*!40103 SET TIME_ZONE='+00:00' */;
/*!40014 SET @OLD_UNIQUE_CHECKS=@@UNIQUE_CHECKS, UNIQUE_CHECKS=0 */;
/*!40014 SET @OLD_FOREIGN_KEY_CHECKS=@@FOREIGN_KEY_CHECKS, FOREIGN_KEY_CHECKS=0 */;
/*!40101 SET @OLD_SQL_MODE=@@SQL_MODE, SQL_MODE='NO_AUTO_VALUE_ON_ZERO' */;
/*!40111 SET @OLD_SQL_NOTES=@@SQL_NOTES, SQL_NOTES=0 */;

--
-- Table structure for table `categoria`
--

DROP TABLE IF EXISTS `categoria`;
/*!40101 SET @saved_cs_client     = @@character_set_client */;
/*!40101 SET character_set_client = utf8 */;
CREATE TABLE `categoria` (
  `id_categoria` int(2) NOT NULL,
  `nombre` varchar(45) NOT NULL,
  PRIMARY KEY (`id_categoria`)
) ENGINE=InnoDB DEFAULT CHARSET=utf8;
/*!40101 SET character_set_client = @saved_cs_client */;

--
-- Dumping data for table `categoria`
--

LOCK TABLES `categoria` WRITE;
/*!40000 ALTER TABLE `categoria` DISABLE KEYS */;
INSERT INTO `categoria` VALUES (1,'Accesorios y belleza\r'),(2,'Electronica\r'),(3,'Autos\r'),(4,'Bebes y juguetes\r'),(5,'Celulares y fotografia \r'),(6,'Computo y tablets\r'),(7,'Deportes y jardin\r'),(8,'Electrodomesticos \r'),(9,'Hogar y muebles\r'),(10,'Peliculas \r'),(11,'Mascotas\r'),(12,'Videojuegos\r'),(13,'Papeleria \r');
/*!40000 ALTER TABLE `categoria` ENABLE KEYS */;
UNLOCK TABLES;

--
-- Table structure for table `detalle_venta`
--

DROP TABLE IF EXISTS `detalle_venta`;
/*!40101 SET @saved_cs_client     = @@character_set_client */;
/*!40101 SET character_set_client = utf8 */;
CREATE TABLE `detalle_venta` (
  `no_compra` int(11) NOT NULL,
  `id_producto` varchar(45) NOT NULL,
  `cantidad` int(11) NOT NULL,
  KEY `fk_detalle_venta_ticket1_idx` (`no_compra`),
  KEY `fk_detalle_venta_Producto1_idx` (`id_producto`),
  CONSTRAINT `fk_detalle_venta_ticket1` FOREIGN KEY (`no_compra`) REFERENCES `venta` (`no_compra`) ON DELETE CASCADE ON UPDATE CASCADE,
  CONSTRAINT `fk_detalle_venta_Producto1` FOREIGN KEY (`id_producto`) REFERENCES `producto` (`id_producto`) ON DELETE CASCADE ON UPDATE CASCADE
) ENGINE=InnoDB DEFAULT CHARSET=utf8;
/*!40101 SET character_set_client = @saved_cs_client */;

--
-- Dumping data for table `detalle_venta`
--

LOCK TABLES `detalle_venta` WRITE;
/*!40000 ALTER TABLE `detalle_venta` DISABLE KEYS */;
INSERT INTO `detalle_venta` VALUES (1,'1A10G',1),(1,'1A8A',1),(1,'5F3B',2),(2,'1A10G',1),(2,'1A11E',1),(3,'1A10E',1),(3,'1A1J',1),(3,'1A4E',1),(3,'5F3G',2),(4,'1A10H',1),(4,'1A11E',1),(4,'1A10F',1),(4,'5F5F',4),(5,'1A10H',1),(5,'1A2F',1),(5,'1A9C',1),(5,'2B2C',2),(5,'3C6D',2),(6,'1A10H',1),(6,'5F4F',1),(6,'5F6D',1),(6,'5F6H',5);
/*!40000 ALTER TABLE `detalle_venta` ENABLE KEYS */;
UNLOCK TABLES;

--
-- Table structure for table `producto`
--

DROP TABLE IF EXISTS `producto`;
/*!40101 SET @saved_cs_client     = @@character_set_client */;
/*!40101 SET character_set_client = utf8 */;
CREATE TABLE `producto` (
  `id_producto` varchar(45) NOT NULL,
  `nombre_producto` varchar(150) NOT NULL,
  `descripcion_producto` varchar(150) NOT NULL,
  `precio` double NOT NULL,
  `id_subcategoria` varchar(45) NOT NULL,
  PRIMARY KEY (`id_producto`),
  KEY `fk_Producto_Subcategoria1_idx` (`id_subcategoria`),
  CONSTRAINT `fk_Producto_Subcategoria1` FOREIGN KEY (`id_subcategoria`) REFERENCES `subcategoria` (`id_subcategoria`) ON DELETE CASCADE ON UPDATE CASCADE
) ENGINE=InnoDB DEFAULT CHARSET=utf8;
/*!40101 SET character_set_client = @saved_cs_client */;

--
-- Dumping data for table `producto`
--

LOCK TABLES `producto` WRITE;
/*!40000 ALTER TABLE `producto` DISABLE KEYS */;
INSERT INTO `producto` VALUES ('1A10A','Kit Amope Pedi Perfect 2 piezas: Lima Electronica y Crema Hidratante para pies','Pedicure',599,'1A10\r'),('1A10B','Suero hidratante para pies Amope Pedi Perfect 30 ml','Pedicure',165,'1A10\r'),('1A10C','Rasuradora Remington Hyper Flex','Rasuradoras',1439,'1A10\r'),('1A10D','Rasuradora Rotativa Remington PowerFlex 360 Mod. PR1235','Rasuradoras',639,'1A10\r'),('1A10E','Rasuradora Wahl Lithium Ion Mod. 8526','Rasuradoras',599,'1A10\r'),('1A10F','Cortador de Vello Vidal Sassoon para la Nariz y Oidos','Rasuradoras',199,'1A10\r'),('1A10G','Body Groomer Vidal Sassoon Azul con Negro','Recortadoras y detalladoras',479,'1A10\r'),('1A10H','Cortadora de Cabello Gama Italy con 5 cabezales','Recortadoras y detalladoras',499,'1A10\r'),('1A10I','Cortadora de Cabello Gama Italy para nariz y oido','Recortadoras y detalladoras',129,'1A10\r'),('1A10J','Cortadora de cabello Wahl 27 accesorios','Recortadoras y detalladoras',669,'1A10\r'),('1A11A','Protector Solar 50 mas para piel normal a seca crema de 50 ml Cetaphil Defense','Solares',259,'1A11\r'),('1A11B','Protector solar FPS 30 ultra ligero facial de 30 ml Daylong','Solares',159,'1A11\r'),('1A11C','Crema Curel Terapia para manos y cuticula 100 ml','Cuidado Corporal ',42,'1A11\r'),('1A11D','Crema Curel Defensa Contra La Comezon 380 Ml','Cuidado Corporal ',128,'1A11\r'),('1A11E','Tratamiento para pestanas eternelle Pharma Lasher Xtreme','Cuidado Facial',199,'1A11\r'),('1A11F','Balsamo para despues del afeitado Esdor For Men de 75 ml','Cuidado Facial',199,'1A11\r'),('1A11G','Shampoo Folcress control caspa 260 ml','Cuidado Capilar',99,'1A11\r'),('1A11H','Solucion topica anti caida del cabello de 100 ml Avixis','Cuidado Capilar',599,'1A11\r'),('1A11I','Bronceador en polvo compacto Jane Iredale Sobronze 2 de 9.9 g','Maquillaje',199,'1A11\r'),('1A11J','Gloss para labios Jane Iredale Ice Mocha','Maquillaje',99,'1A11\r'),('1A12A','Bascula Beurer Arabesque Mod. GS27 Arabesque','Basculas',699,'1A12\r'),('1A12B','Bascula Beurer Seed Mod. GS27 Seed','Basculas',829,'1A12\r'),('1A12C','Tina para Pies Revlon Spa con Sistema de Burbujas','Masejeadores ',319,'1A12\r'),('1A12D','Almohadilla Electrica Beurer Mod. HKC','Masejeadores ',599,'1A12\r'),('1A12E','Cepillo de dientes electrico Panasonic Beauty Rosa Mod. EW-DS90-P51','Cepillos dentales electricos ',199,'1A12\r'),('1A12F','Humidificador Vitallys Plus Mod. VUH-5','Cepillos dentales electricos ',749,'1A12\r'),('1A12G','Medidor de presion Digital Citizen CH-456','Monitores de presion',1379,'1A12\r'),('1A12H','Medidor de presion Digital Citizen CH-657','Monitores de presion',979,'1A12\r'),('1A12I','Termometro Digital Beurer Mod. FT90','Termometros',1399,'1A12\r'),('1A12J','Termometro Digital Vitallys Plus Blanco','Termometros',42,'1A12\r'),('1A13A','Brushes Bundle e.l.f. Cosmeticos Studio Negro','Cara ',489,'1A13\r'),('1A13B','Baked Blush e.l.f. Cosmeticos Studio Rich Rose','Cara ',99,'1A13\r'),('1A13C','Labial Hidratante e.l.f. Cosmeticos Studio Coral Cutie','Labios',99,'1A13\r'),('1A13D','Labial Mate e.l.f. Cosmeticos Studio Fuchsia','Labios',99,'1A13\r'),('1A13E','Crema Iluminadora para Ojos e.l.f. Cosmeticos Studio Blanca','Ojos',299,'1A13\r'),('1A13F','Paleta de Sombras e.l.f. Cosmeticos Studio Need It Nude','Ojos',299,'1A13\r'),('1A13G','Cubo para Unas 12 piezas e.l.f. Cosmeticos Studio Varios Colores Neutros Y Brillos','Unas',399,'1A13\r'),('1A13H','Accesories Bundle e.l.f. Cosmeticos Studio Varios colores','Accesorios e implementos',519,'1A13\r'),('1A13I','Set de 11 Brochas e.l.f. Cosmeticos Studio Negro','Accesorios e implementos',799,'1A13\r'),('1A13J','Set de Viaje Brochas Punteadas e.l.f. Cosmeticos Studio Negro','Accesorios e implementos',349,'1A13\r'),('1A1A','Juego de Collar y Aretes Eva Accesorios Set capullo de flor ','Color Rosa',150,'1A1\r'),('1A1B','Pulsera Eva Accesorios Pulsera vinipiel rosa ','Color Plata',100,'1A1\r'),('1A1C','Juego de Collar y Aretes Eva Accesorios Set cilindros de cristal ','Color Negro',150,'1A1\r'),('1A1D','Juego de Collar y Aretes Eva Accesorios Set cristal fasetado','Color Negro',150,'1A1\r'),('1A1E','Juego de Collar y Aretes Eva Accesorios Set dije de moneda','Color Negro',150,'1A1\r'),('1A1F','Juego de Collar y Aretes Eva Accesorios Set eslabones de cristal','Color Negro',150,'1A1\r'),('1A1G','Juego de Collar y Aretes Eva Accesorios Set seguros y cristal','Color Negro',150,'1A1\r'),('1A1H','Juego de Collar y Aretes Eva Accesorios Set seguros y cristal ','Color Cafe ',150,'1A1\r'),('1A1I','Juego de Collar y Aretes Eva Accesorios Set pectoral esferico','Color Beige',150,'1A1\r'),('1A1J','Reloj Fossil Caballero Correa de Piel Analogo','Mod ME1122',2000,'1A1\r'),('1A2A','Cartera De Viaje Victorinox Travel Gear ','Color Negro',590,'1A2\r'),('1A2B','Bolsa Crossbody Xoxo  Mod. TWX6048COR','Color Coral ',800,'1A2\r'),('1A2C','Bolsa Messenger Guess Mod. VG199507','Color Verde',1200,'1A2\r'),('1A2D','Bolsa Guess Mod. WM199507','Color Negro',1200,'1A2\r'),('1A2E','Cartera Xoxo  Mod. TWX6044GRP','Color Lavanda',199,'1A2\r'),('1A2F','Bolsa Satchel Xoxo  Mod. TWX6009CAM','Color Camello',1200,'1A2\r'),('1A2G','Bolsa Tote Xoxo  Mod. TWX6000WH','Color Blanco',1100,'1A2\r'),('1A2H','Bolsa Satchel XoxoMod. TWX6001NUD','Color Nude',1099,'1A2\r'),('1A2I','Bolsa Tote Xoxo Taupe Mod. TWX6018TP','Color Taupe',1099,'1A2\r'),('1A2J','Bolsa Guess Mod. WG199507  + Pashmina Eva Accesorios Infinita ','Color Blanco',1200,'1A2\r'),('1A3A','Paquete Mochila- Lonchera y Lapicera ','Bart Simpson',599,'1A3\r'),('1A3B','Paquete Mochila- Lonchera y Lapicera','Calaveritas',449,'1A3\r'),('1A4A','Reloj Puma Correa de Caucho Analogo',' Reloj Hombre ',3499,'1A4\r'),('1A4B','Reloj Reebok Caballero Correa de Caucho Analogo ',' Reloj Hombre ',1099,'1A4\r'),('1A4C','Reloj Reebok Caballero Correa de Caucho Analogo',' Reloj Hombre ',879,'1A4\r'),('1A4D','Reloj Michael Kors Dama Analogo de Acero Inoxidable',' Reloj Mujer ',6799,'1A4\r'),('1A4E','Reloj Fossil Dama Analogo de Acero Inoxidable',' Reloj Mujer ',1899,'1A4\r'),('1A4F','Reloj Diesel Dama Extensible de Acero Inoxidable Analogo',' Reloj Mujer ',3999,'1A4\r'),('1A4G','Reloj Armani Exchange Dama Analogo de Acero Inoxidable con correa de Cuero ',' Reloj Mujer ',2399,'1A4\r'),('1A4H','Smartwatch Samsung Gear S2 Blanco','Weareable',5999,'1A4\r'),('1A4I','Reloj Apple Watch Sport 38mm Azul Case de Aluminio','Weareable',6790,'1A4\r'),('1A4J','Smartwatch Asus ZenWatch Cafe','Weareable',3999,'1A4\r'),('1A5A','Set de joyeria Eva Accesorios Perlas Azul- dorado y verde','Bisuteria',159,'1A5\r'),('1A5B','Set de joyeria Eva Accesorios Esferas Dorado- plata y cobre','Bisuteria',149,'1A5\r'),('1A5C','Set de joyeria Eva Accesorios Esferas Verde- cafe y marron','Bisuteria',149,'1A5\r'),('1A5D','Aretes Ocean Heart Chick','Made with swarovski elements',449,'1A5\r'),('1A5E','Anillo Amor de Cristal All Love is Around','Made with swarovski elements',399,'1A5\r'),('1A5F','Collar Ocean Heart Destination en Oro ','Made with swarovski elements',499,'1A5\r'),('1A5G','Brazalete Amor de Cristal Fancy Crystals on Black & Blue','Made with swarovski elements',349,'1A5\r'),('1A5H','Mancuernillas Ocean Heart Medical','Joyeria para caballero',299,'1A5\r'),('1A5I','Pulsera para Caballero Police Piel negra ','Joyeria para caballero',499,'1A5\r'),('1A5J','Cadena Ocean Heart Eternal Love','Joyeria para caballero',349,'1A5\r'),('1A6A','Navaja Classic Fashion Victorinox Roja 7 usos','Navajas basicas',427,'1A6\r'),('1A6B','Navaja Classic Fashion Victorinox Blanca 7 usos','Navajas basicas',249,'1A6\r'),('1A6C','Navaja Classic Fashion Victorinox Rosa 7 usos','Navajas basicas',299,'1A6\r'),('1A6D','Navaja Huntsman Victorinox Silvert Tech de 15 usos','Navajas especializadas ',815,'1A6\r'),('1A6E','Navaja Suiza Victorinox Evolution mod.2-5223-SE','Navajas especializadas ',1438,'1A6\r'),('1A6F','Navaja Swiss Victorinox Champ Silver Tech de 32 usos','Navajas especializadas ',1785,'1A6\r'),('1A6G','Navaja Suiza Victorinox Evolution mod.2-3953-SE','Navajas especializadas ',1328,'1A6\r'),('1A6H','Navaja Suiza Victorinox Evo Grip mod.2-3603-SC','Navajas de bolsillo',854,'1A6\r'),('1A6I','Navaja Rangergrip 53 Victorinox de 5 usos','Navajas de bolsillo',863,'1A6\r'),('1A6J','Navaja Rangergrip 61 Victorinox Roja de 11 usos','Navajas de bolsillo',699,'1A6\r'),('1A7A','Lentes Solares Dockers   Mod. Aviador Humo1','Lentes Solares Caballero ',749,'1A7\r'),('1A7B','Lentes Solares Dockers  Mod. Aviador Humo2','Lentes Solares Caballero ',749,'1A7\r'),('1A7C','Lentes Solares Dockers  Mod. Aviador Humo3','Lentes Solares Caballero ',949,'1A7\r'),('1A7D','Lentes Solares Dockers  Mod. Casual Cafe','Lentes Solares Caballero ',949,'1A7\r'),('1A7E','Lentes Solares Dockers  Mod. Deportivo Verde','Lentes Solares Caballero ',749,'1A7\r'),('1A7F','Lentes Solares Foster Grant Emily Mod. Casual Humo','Lentes Solares Dama',369,'1A7\r'),('1A7G','Lentes Solares Foster Grant Corsage Mod. Casual Humo','Lentes Solares Dama',299,'1A7\r'),('1A7H','Lentes Solares IronMan Precision Mod. Deportivo Cafe','Lentes Solares Caballero ',499,'1A7\r'),('1A7I','Lentes Solares IronMan Pro Ares  Mod. Deportivo Humo','Lentes Solares Caballero ',1599,'1A7\r'),('1A7J','Lentes Solares Dockers  Mod. Retro Verde','Lentes Solares',749,'1A7\r'),('1A8A','Perfume Disney Monster High Nina Eau de Toilette 75 ml','Lo nuevo',149,'1A8\r'),('1A8B','Perfume Disney Princesa Bella Nina Eau de Toilette 50 ml','Lo nuevo',149,'1A8\r'),('1A8C','Set Carlo Corinto Fare Follie Dama 4 piezas','Cofres',599,'1A8\r'),('1A8D','Set 4 piezas Paris Hilton With Love Dama Eau de Parfum 100 ml','Cofres',799,'1A8\r'),('1A8E','Locion Tous Man Sport Caballero Eau de Toilette de 100 ml','Lociones',679,'1A8\r'),('1A8F','Locion Loewe 7 De Loewe Caballero Eau de Toilette 100 ml','Lociones',849,'1A8\r'),('1A8G','Perfume Christian Dior Adicct para dama Eau de Toilette de 100 ml','Perfumes',1199,'1A8\r'),('1A8H','Perfume Loewe Aura Loewe para Dama 120 ml Eau de Toilette','Perfumes',1099,'1A8\r'),('1A8I','Perfume Body Disney Doc Mcstuffins Body para Nina Eau de Cologne 200 ml','Infantiles',59,'1A8\r'),('1A8J','Set 2 piezas Disney Avengers Eau de Toilette 50 ml','Infantiles',209,'1A8\r'),('1A9A','Depiladora Inalambrica Gama Italy Skin Bikini','Depiladoras',639,'1A9\r'),('1A9AI','Rizadora Remington Shine Therapy Mod. CI5326','Rizadoras',749,'1A9\r'),('1A9AJ','Combo de Tenazas Conair Mod. CB600WTCSES','Tenazas',399,'1A9\r'),('1A9B','Depiladora Sanity Smooth Conair con 2 Velocidades Mod. E2','Depiladoras',799,'1A9\r'),('1A9C','Kit Amope Pedi Perfect 2 piezas: Lima Electronica y Crema Hidratante para pies','Pedicure',599,'1A9\r'),('1A9D','Pro Instant Revlon para Pedicure mod.RVSP3859WW','Pedicure',399,'1A9\r'),('1A9E','Shampoo Cetaphil 200 ml','Tratamientos',129,'1A9\r'),('1A9F','Shampoo Folcress control caspa 260 ml','Tratamientos',99,'1A9\r'),('1A9G','Plancha Alaciadora Gama Italy Iht Tittanium Mod. NOVA IHT D LI','Alaciadoras',1759,'1A9\r'),('1A9H','Secador de Cabello Gama Italy Leggeroion4D','Secadoras',1519,'1A9\r'),('2B1A','Teatro en Casa Sony 5.1 Canales BDV-E2100','Teatro en casa',5290,'2B1\r'),('2B1B','Teatro en Casa Samsung 5.1 Canales HTJ5500KZX','Teatro en casa',5790,'2B1\r'),('2B1C','Audifonos On Ear Beats Studio Wireless Rojos','Audifonos',5890,'2B1\r'),('2B1D','Audifonos On Ear Sennheiser Inalambricos RS160 Negros','Audifonos',4290,'2B1\r'),('2B1E','Minicomponente Panasonic 1600 Watts RMS SC-AKX600','Minicomponentes',4990,'2B1\r'),('2B1F','Bocina con Bluetooth Inco BT-ROUND Anaranjada','Bocinas',290,'2B1\r'),('2B1G','Barra de Sonido con Bluetooth Philips CSS2133BF7','Barras de sonido ',1690,'2B1\r'),('2B1H','Microcomponente LG 160 Watts RMS','Microcomponentes ',3290,'2B1\r'),('2B1I','Radiograbadora con Bluetooth Negra mas Audifonos On Ear Negros','Radiograbadora ',2090,'2B1\r'),('2B1J','Autoestereo Philips con Bluetooth CEM2220BT Negro','Autoestereos',1790,'2B1\r'),('2B2A','TV Speler 15 Pulgadas 720 HD LED','Pantallas',1599,'2B2\r'),('2B2B','TV LG 19 Pulgadas 720p HD LED','Pantallas ',2490,'2B2\r'),('2B2C','DVD Philips DVP2880/F8 Negro','DVD y Bluray',590,'2B2\r'),('2B2D','Blu-Ray / DVD LG BP350','DVD y Bluray',1699,'2B2\r'),('2B2E','Soporte para TV de 22 a 60 Pulgadas Macformet MCT-50','Muebles y Soportes para TV',369,'2B2\r'),('2B2F','Centro de Entretenimiento Politorno Tabaco','Muebles y Soportes para TV',2190,'2B2\r'),('2B2G','Teclado y Mouse Inalambrico Steren para TV por Internet RM-300','Accesorios Tv  y Video',949,'2B2\r'),('2B2I','Adaptador General Electric PRO (M) VGA (F) a HDMI','Accesorios Tv  y Video',249,'2B2\r'),('2B2J','Cable HDMI a Mini HDMI Sony 1.5 metros DLC-HEM15','Accesorios Tv  y Video',399,'2B2\r'),('2B3A','Guitarra Electrica con Amplificador Yamaha GEG112GPIIMTU','Instrumentos Musicales',5199,'2B3\r'),('2B3B','Teclado Portatil Casio WK7600 Negro','Instrumentos Musicales',10789,'2B3\r'),('2B3C','Clarinete Roy Benson CB-217','Instrumentos Musicales',4129,'2B3\r'),('2B3D','Interruptor inalambrico Belkin Wemo','Casa Inteligente',1390,'2B3\r'),('2B3E','Camara de Seguridad Star Light Tipo Foco SLSPT0101 Plateada','Casa Inteligente',1490,'2B3\r'),('2B3F','Bocinas de Torre Monitor Audio 2 Canales Radius 270 Blancas','Audio Premium ',15990,'2B3\r'),('2B3G','Receptor con Radio FM Rotel 2 Canales RCX1500 Plateado','Audio Premium ',21490,'2B3\r'),('2B3H','Auricular Inalambrico Vtech de 4 Lineas SJ5040A Plateado','Telefonia fija',1790,'2B3\r'),('2B3I','Radio 2 Vias Motorola MD200MR Negro','Telefonia fija',1048,'2B3\r'),('2B3J','Radio de 2 Vias Midland Value Pack LXT500VP3 Negros','Telefonia fija',949,'2B3\r'),('3C10A','Autoestereo Audiobahn sin CD Mod.ADL65P','Autoestereos',999,'3C10\r'),('3C10B','Autoestereo Kenwood modelo KDC-162U','Autoestereos',1190,'3C10\r'),('3C10C','Autoestereo Sony DSXA100U Negro','Autoestereos',1290,'3C10\r'),('3C10D','Autoestereo Yes mas Bocina PKDVD38 Negro','Autoestereos',3190,'3C10\r'),('3C10E','Bocinas para Auto Sony XSFB1630','Bocinas para woofers de carro',580,'3C10\r'),('3C10F','Bocinas Sony Xplod XSGT1638F','Bocinas para woofers de carro',590,'3C10\r'),('3C10G','Par de Bocinas Infinity PR6502IS Negras','Bocinas para woofers de carro',2140,'3C10\r'),('3C10H','Subwoofer pioneer de 12 pulgadas tsw3','Bocinas para woofers de carro',999,'3C10\r'),('3C10I','Amplificador Pyle 1400 Watts PLA2200','Amplificadores para carro',1990,'3C10\r'),('3C10J','Amplificador Alpine 50 Watts MRVF300','Amplificadores para carro',2290,'3C10\r'),('3C11A','Paquete de 4 rines X-Avion de 14 pulgadas F196','Rines 14',5990,'3C11\r'),('3C11B','Paquete de 4 rines X-Avion de 14 pulgadas mas 4 llantas Sava 185/60R14 82T Perfecta.','Rines 14',7990,'3C11\r'),('3C11C','Paquete de 4 rines X-Avion de 14 pulgadas F196 mas 4 llantas Sava 185/60R14 82H Intensa HP.','Rines 14',7990,'3C11\r'),('3C11D','Paquete de 4 rines X-Avion de 15 pulgadas F5702-2','Rines 15',7290,'3C11\r'),('3C11E','Paquete de 4 rines X-Avion de 15 pulgadas F5702-2 mas 4 llantas Fulda 195/65R15 91T Ecocontrol.','Rines 15',9990,'3C11\r'),('3C11F','Paquete de 4 Rines Luxotik de 15 Pulgadas','Rines 15',5490,'3C11\r'),('3C11G','Paquete de 4 rines X-Avion de 15 pulgadas F5229-2','Rines 15',8890,'3C11\r'),('3C11H','Paquete de 4 rines X-Avion de 17 pulgadas AW4847','Rines 17',8190,'3C11\r'),('3C11I','Paquete de 4 rines Touchdown de 17 pulgadas AWASA-1','Rines 17',8890,'3C11\r'),('3C11J','Paquete de 4 rines X-Avion de 17 pulgadas F5702 mas 4 llantas Dunlop 225/45R17 94W Direzza DZ100','Rines 17',16990,'3C11\r'),('3C1A','Aceite Gonher Super HD SL de 5 Litros','Aceites monogrado',249,'3C1A\r'),('3C1B','Aceite Roshfrans Full HD SAE 40 de 5 Litros','Aceites monogrado',269,'3C1A\r'),('3C1C','Aceite Pennzoil Mineral 20W-50 de 846 ml','Aceites multigrado',69,'3C1A\r'),('3C1D','Aceite Quaker State XTR-Pro 20W-50 de 946 ml','Aceites multigrado',79,'3C1A\r'),('3C1E','Aceite Gonher Nanotek Gold 10W-30 de 946 ml','Aceites sinteticos ',99,'3C1A\r'),('3C1F','Aceite Castrol Magnatec Semisintetico 10W-30 de 946 ml','Aceites sinteticos ',109,'3C1A\r'),('3C1G','Aceite Pennzoil 25W-60 de 946 ml','Aceites alto kilometraje',69,'3C1A\r'),('3C1H','Aceite Quaker State 25W-50 de 946 ml','Aceites alto kilometraje',79,'3C1A\r'),('3C1I','Anticongelante Roshfrans Coolant de 3.785 Litros','Aditivos para Auto',129,'3C1A\r'),('3C1J','Anticongelante Bardahl Coolant de 3.785 Litros','Aditivos para Auto',129,'3C1A\r'),('3C1K','Aditivo para Direccion Hidraulica Quaker State 300 ml','Liquidos de frenos transmision y direccion',29,'3C1A\r'),('3C1L','12 Botellas de Aceite Mobil Super 20W-50 de 946 ml','Motos',879,'3C1A\r'),('3C2A','Barras Mikels Tranversales','Portaequipaje',1190,'3C2\r'),('3C2B','Canastilla para Barras Transversales Forester Mod. 762003','Portaequipaje',1890,'3C2\r'),('3C2C','Sistema de Barras de Techo SportRack Mod. SR1009','Portaequipaje',1490,'3C2\r'),('3C2D','Racks Mikels Capacidad 2 bicicletas','Rack para bicicleta',990,'3C2\r'),('3C2E','Stand para Dos Bicicletas SportRack Mod. SR0012','Rack para bicicleta',1490,'3C2\r'),('3C2F','Rack para 3 Bicicletas American World Accesories VR-8033','Rack para bicicleta',1990,'3C2\r'),('3C2G','Cubierta para Auto Mikels Mediana Gris','Cubiertas para autos',649,'3C2\r'),('3C2H','Cubierta para Auto American World Accesories AW062F08-03 Grande','Cubiertas para autos',790,'3C2\r'),('3C2I','Tapon para Rin American World Accesories 13 Pulgadas','Tapones',319,'3C2\r'),('3C2J','Tapon para Rin American World Accesories 14 Pulgadas','Tapones',319,'3C2\r'),('3C3A','Tapetes Para Auto Mikels','Tapetes para carro',159,'3C3\r'),('3C3B','Juego De Tapetes Michelin 4 Piezas Color Gris','Tapetes para carro',279,'3C3\r'),('3C3C','Perilla Sparco Azul','Pedales y palancas para carro',499,'3C3\r'),('3C3D','Set Pedales Sparco Aluminio Negro','Pedales y palancas para carro',590,'3C3\r'),('3C3E','Cubrevolante De Piel Mikels','Volantes y cubrevolantes para carro',189,'3C3\r'),('3C3F','Funda Volante Sparco Sparco Negro-Rojo','Volantes y cubrevolantes para carro',299,'3C3\r'),('3C3G','Cubre Volante American World Accesories SWC002 X7 Negro','Volantes y cubrevolantes para carro',129,'3C3\r'),('3C3H','Respaldo Sparco Negro','Cubreasientos y vestiduras',799,'3C3\r'),('3C3I','Termo Portatil Schumacher 1228','Otros articulos para carro',209,'3C3\r'),('3C3J','Enfriador Portatil Schumacher 126','Otros articulos para carro',2790,'3C3\r'),('3C4A','Charola Organizadora Truper','Cajas de herramientas y almacenaje para carro',69,'3C4\r'),('3C4B','Taburete Truper','Cajas de herramientas y almacenaje para carro',129,'3C4\r'),('3C4C','Gato Hidraulico de Patin Truper','Gatos hidraulicos',559,'3C4\r'),('3C4D','Gato Hidraulico Mikels de Botella 12 Toneladas','Gatos hidraulicos',890,'3C4\r'),('3C4E','Cables Pasa Corriente Pretul','Herramientas electricas para carro',99,'3C4\r'),('3C4F','Rotomartillo Profesional 1/2 Pulg Truper Mod. ROTO-1/2A6','Herramientas electricas para carro',449,'3C4\r'),('3C4G','Set 20 Desarmadores Basicos Stanley Mod. 60-220S','Herramientas para carro',349,'3C4\r'),('3C4H','Llave de Cruz Truper','Herramientas para carro',169,'3C4\r'),('3C4I','Bomba de Aire con Pedal Pretul','Infladores de llantas y compresores',89,'3C4\r'),('3C4J','Guantes Mikels de Lujo para Mecanico Medianos','Guantes para mecanico',150,'3C4\r'),('3C5A','Paquete 2 Llantas Kelly 175/70R13 82T Metric Xtra SL','Paquetes de llantas',910,'3C5\r'),('3C5B','Llanta Fuzion 175/70R13 82T Fuzion Touring','Llantas para automovil rin 13',499,'3C5\r'),('3C5C','Llanta Mirage 185/60R14 82T MirageII','Llantas para automovil rin 14',719,'3C5\r'),('3C5D','Llanta Tornel 155/80R15 83S America','Llantas para automovil rin 15',650,'3C5\r'),('3C5E','Llanta Fuzion 205/55R16 91V Fuzion Touring 2','Llantas para automovil rin 16',1049,'3C5\r'),('3C5F','Llanta Fuzion 225/45R17 94W Fuzion UHP Sport A/S XL TL','Llantas para automovil rin 17',999,'3C5\r'),('3C5G','Llanta Fuzion 225/40R18 92W Fuzion UHP Sport A/S XL TL','Llantas para automovil rin 18',1219,'3C5\r'),('3C5H','Llanta Dunlop 235/35R19 91W Direzza DZ102','Llantas para automovil rin 19',2690,'3C5\r'),('3C5I','Llanta Goodyear 275/55R20 117V Eagle Sport A/S','Llantas para automovil rin 20',3090,'3C5\r'),('3C5J','Llanta Goodyear 255/35R20 97W Eagle Sport A/S','Llantas para automovil rin 21',3390,'3C5\r'),('3C6A','Paquete 2 Llantas Pirelli 205/65R15 94H Scorpion ATR','Llantas para camioneta paquetes',3390,'3C6\r'),('3C6B','Llanta Tornel 185R14 100N Cargo','Llantas para camioneta rin 14',1229,'3C6\r'),('3C6C','Llanta Fuzion 215/70R15 98T Fuzion Touring','Llantas para camioneta rin 15',1049,'3C6\r'),('3C6D','Llanta Tornel 225/60R16 97H Astral','Llantas para camioneta rin 16',1399,'3C6\r'),('3C6E','Llanta Fuzion 215/60R17 96H Fuzion Touring','Llantas para camioneta rin 17',1249,'3C6\r'),('3C6F','Llanta Goodyear 235/60R18 102V Assur Comtrd Touring Sl','Llantas para camioneta rin 18',2790,'3C6\r'),('3C6G','Llanta Goodyear 225/55R19 99H Assurance CS Fuel Max','Llantas para camioneta rin 19',3790,'3C6\r'),('3C6H','Llanta Goodyear 275/55R20 117V Eagle Sport A/S','Llantas para camioneta rin 20',3090,'3C6\r'),('3C6I','Llanta Goodyear 285/45R22 114H Fortera Sl Xl','Llantas para camioneta rin 21',4990,'3C6\r'),('3C6J','Llanta Dunlop 325/30R21 108Y SP Sport Maxx GT','Llantas para camioneta rin 21',7590,'3C6\r'),('3C7A','Baston de Seguridad American World Accesories Hammer AW-6003','Alarmas antirrobo y bastones',269,'3C7\r'),('3C7B','Baston de Seguridad American World Accesories Inova Lock XA-300','Alarmas antirrobo y bastones',1590,'3C7\r'),('3C7C','Baston de Seguridad Autosecurity PC5000C','Alarmas antirrobo y bastones',219,'3C7\r'),('3C7D','Birlos de Seguridad American World Cromado','Birlos de seguridad',249,'3C7\r'),('3C7E','Birlos de Seguridad American World Cromado','Birlos de seguridad',249,'3C7\r'),('3C7F','Birlos de Seguridad American World Cromado','Birlos de seguridad',249,'3C7\r'),('3C7G','Triangulos Reflejantes Mikels','Otros',299,'3C7\r'),('3C7H','Kit de Auxilio Vial Mikels','Otros',429,'3C7\r'),('3C7I','Kit de Auxilio Vial Mikels','Otros',790,'3C7\r'),('3C7J','Kit de Emergencia American World Accesories AW-318','Otros',299,'3C7\r'),('3C8A','Pluma Limpiaparabrisas Bosch ECO 14','Limpiaparabrisas',89,'3C8\r'),('3C8B','Limpiaparabrisas Mikels 22 Pulgadas Frameless','Limpiaparabrisas',119,'3C8\r'),('3C8C','Pluma Limpiaparabrisas Bosch ECO 21','Limpiaparabrisas',129,'3C8\r'),('3C8D','Lampara De LED Osram LED Inspect 302','Faros y focos para carro',149,'3C8\r'),('3C8E','Foco de Halogeno Sylvania 9007XV BP','Faros y focos para carro',199,'3C8\r'),('3C8F','Supresor Osram LED Driving 101','Faros y focos para carro',199,'3C8\r'),('3C8G','Foco de Halogeno Sylvania 9004ST BP','Faros y focos para carro',299,'3C8\r'),('3C8H','Foco de Halogeno Sylvania H1SU BP','Faros y focos para carro',359,'3C8\r'),('3C8I','Filtro De Aire Universal De Alto Flujo K&N Mod. RG-1001RD','Filtros de aire para carro',590,'3C8\r'),('3C8J','Kit de Sistema Filtro de Aire American World Accesories NM5003011','Filtros de aire para carro',1490,'3C8\r'),('3C9A','Hidrolavadora K2 Classic Karcher 1400 psi','Hidrolavadoras',1490,'3C9\r'),('3C9B','Hidrolavadora Michelin 1450 psi','Hidrolavadoras',1390,'3C9\r'),('3C9C','Aspiradora Karcher para Taladro Amarilla Mod. DDC 50','Aspiradoras para autos',539,'3C9\r'),('3C9D','Aspiradora Shop-Vac 2.5 Galones Negra Mod. SHP-58902','Aspiradoras para autos',660,'3C9\r'),('3C9E','Pulidora Automotriz Heavy Duty Mikels Mod. PA-7','Productos pulido y encerado',1690,'3C9\r'),('3C9F','Pulidora Mikels Orbital a dos manos','Productos pulido y encerado',590,'3C9\r'),('3C9G','Detergente Car and Bike Karcher 1 Litro','Productos de limpieza para carros',159,'3C9\r'),('3C9H','Chassis Cleaner Karcher','Productos de limpieza para carros',1290,'3C9\r'),('3C9I','Car Clean Kit Karcher','Kits de limpieza para carro',1190,'3C9\r'),('3C9J','Kit de Limpieza para Motos y Bicicletas Karcher','Kits de limpieza para carro',1190,'3C9\r'),('4D1A','Cuna Convertible Storkcraft mas Carriola Baby Bargo de Regalo','Cuartos y accesorios de ninos ',5190,'4D1\r'),('4D1C','Banera Cambiador Infanti Disney Mickey','Bano e Higiene del Bano ',2490,'4D1\r'),('4D1E','Hipopotamo Proyector Fisher Price Azul','Cuarto del bebe ',449,'4D1\r'),('4D1G','Extractor Manual Chicco Natural Feeling','Alimentacion bebe ',899,'4D1\r'),('4D1I','3 Pack Pull Ups Etapa 4 Nino','Panales',369,'4D1\r'),('4D2A','Bote De Radio Control Big Tree De 3 Watts','Radiocontrol Pistas y  Coleccion',799,'4D2\r'),('4D2B','Bicicleta Electrica Yukon Trail','Bicicletas- Patines y Scooters',9990,'4D2\r'),('4D2C','Star Wars Millenium Falcon Novelty','Juegos de Mesa y Rompecabezas',399,'4D2\r'),('4D2E','Deslizador inflable c/1 tablas inflables y Set acuatico neon','Paquetes especiales Juguetes',1490,'4D2\r'),('4D2F','Aerografitti y Caballete escritorio','Arte-Dibujo y Manualidades',2499,'4D2\r'),('4D2G','Cama De Lalaloopsy Little Tikes','Muebles y Jugueteros',7499,'4D2\r'),('4D2H','Mesa de Juegos Step 2 Busy Ball y Casa de Juegos Step 2 Playhouse','Juegos para Exterior',6499,'4D2\r'),('4D2I','ax Steel Extroyer Aracnido- Hidro Explosion y Dredd Ataque De Nucleo','Figuras de Accion ',999,'4D2\r'),('4D2J','Starjetter Miles from Tomorrowland','Autos de Juguete',499,'4D2\r'),('4D2K','Jane Disney Descendants','Munecas de Moda',420,'4D2\r'),('4D2L','Set Para Peinados Barbie','Juguetes Electronicos',649,'4D2\r'),('4D2M','Aeronave de Combate Vulture de UNSC Megabloks Halo','Construccion ',1429,'4D2\r'),('4D2N','Elsa Disney Princesas Frozen','Munecas Bebe ',999,'4D2\r'),('4D2O','Barco de Bob Esponja Imaginext Fisher Price Mattel','Preescolar',299,'4D2\r'),('4D2P','Montable Electrico Prinsel Yukon Police 6 Volts','Montables',5249,'4D2\r'),('4D2Q','Figuras Troopers Star Wars First Order','Coleccion ',1199,'4D2\r'),('5F1A','Carcasa Mobo S-Line para LG L1 X Azul Turquesa','Accesorios Smartphone',29,'5F1\r'),('5F1B','Brazalete Inteligente HQ Fitness','Accesorios  iPhone',699,'5F1\r'),('5F1C','Combo Bluetooth Headset Sony','Weareable',999,'5F1\r'),('5F1D','Carcasa y Audifonos Nestle Crunch para iPhone 4','Accesorios Galaxy',99,'5F1\r'),('5F1E','Memoria SD Kingston 16 GB Clase 4','Memorias para celular',199,'5F1\r'),('5F1F','Bateria Externa iSound Universal Negra','Baterias externas',779,'5F1\r'),('5F1G','Cable HDMI Belkin 1.8 metros','Cables para iPhone',289,'5F1\r'),('5F1H','Carcasa para iPhone 4 y 4S Incipio Rosa','Carcasas para iPhone',49,'5F1\r'),('5F1I','Mica protectora Mobo para Galaxy Y','Micas para pantalla',29,'5F1\r'),('5F1J','Mica protectora Mobo para LG L3','Micas para pantalla',29,'5F1\r'),('5F2A','Smartphone Motorola Moto G Turbo 16 GB Negro 4G LTE Desbloqueado','Celulares Desbloqueados ',4599,'5F2\r'),('5F2B','Smartphone LG G2 16 GB Negro Desbloqueado','Celulares Desbloqueados ',7191,'5F2\r'),('5F2C','iPhone 6 Plus Apple 128 GB Dorado 4G LTE Telcel R.9','Telcel',17999,'5F2\r'),('5F2D','Smartphone Samsung Galaxy S6 Edge 32 GB Negro 4G LTE Telcel R9','Telcel',13979,'5F2\r'),('5F2E','Smartphone Samsung Galaxy S7 Edge Negro 32 GB 4G LTE AT&T','AT&T',16999,'5F2\r'),('5F2F','Smartphone Huawei G630 Negro mas microSD 8 GB Unefon','Unefon',2899,'5F2\r'),('5F2G','Smartphone Alcatel Pop S3 LTE Blanco','Movistar',899,'5F2\r'),('5F2H','Combo Bluetooth Headset Sony','Weareable',999,'5F2\r'),('5F2I','Reloj Apple Watch Sport 38mm Azul Case de Aluminio','Weareable',6790,'5F2\r'),('5F2J','Paquete Godinez Virgin Mobile con WhatsApp- Waze y Mail ilimitado por 30 dias','Virgin Mobile',99,'5F2\r'),('5F3A','Camara de Video Digital Vivitar','Videocamaras Digitales',399,'5F3\r'),('5F3B','Videocamara Panasonic HC-V160','Videocamaras Digitales',3999,'5F3\r'),('5F3C','Videocamara Panasonic HC-V160 mas SD','Videocamaras Digitales',2999,'5F3\r'),('5F3D','Camara de Accion Polaroid Cube','Videocamaras Deportivas',2699,'5F3\r'),('5F3E','Videocamara Sony Action Cam HDR-AS15','Videocamaras Deportivas',4390,'5F3\r'),('5F3F','GoPro Montura de Ventosa','Videocamaras Deportivas',798,'5F3\r'),('5F3G','Camara de Accion iCreation 5 megapixeles','Videocamaras Deportivas',999,'5F3\r'),('5F3H','Camara Deportiva Emerson EVC355R','Videocamaras Deportivas',899,'5F3\r'),('5F3I','Camara Deportiva Emerson EVC355R','Videocamaras Deportivas',899,'5F3\r'),('5F3J','Camara Deportiva GoPro Hero+ 8 Megapixeles','Videocamaras Deportivas',3998,'5F3\r'),('5F4A','Tripod flexible digipower Digipower Negro TPF-MP2','Triples',269,'5F4\r'),('5F4B','Lente Canon EF 75-300 mm f/4.0 - 5.6 III','Lentes',3699,'5F4\r'),('5F4C','Equipo de Audio Boya BY-SM80','Audio',1899,'5F4\r'),('5F4D','Microfono Boya BY-V01','Audio',1149,'5F4\r'),('5F4E','Adaptador de Montaje Sevenoak SK-FM01','Flash',979,'5F4\r'),('5F4F','Base de seguimiento Sevenoak SK-MHF03','Flash',14199,'5F4\r'),('5F4G','Memoria SD Kingston 16 GB Clase 4','Tarjetas de Memoria ',199,'5F4\r'),('5F4H','Memoria Micro SD SanDisk 8 GB con Adaptador SD','Tarjetas de memoria micro sd',99,'5F4\r'),('5F4I','GoPro Llave y Anillos de Instalacion de Wi-Fi Remote','Accesorios Videocamaras',259,'5F4\r'),('5F4J','Bolso Mico Golla G1371','Estuches y Maletines ',329,'5F4\r'),('5F5A','Paquete de Camara Sony Alpha A58Y','Camaras Reflex',9999,'5F5\r'),('5F5B','Camara Reflex Canon EOS Rebel SL1 Cuerpo','Camaras Reflex',8999,'5F5\r'),('5F5C','Camara Canon PowerShot ELPH 190','Camaras Digitales',3299,'5F5\r'),('5F5D','Camara Canon PowerShot ELPH 190','Camaras Digitales',3299,'5F5\r'),('5F5E','Camara Canon Elph 180 mas SD mas Funda','Camaras Analogas',1299,'5F5\r'),('5F5F','Camara Lomography Fisheye One','Camaras Analogas',299,'5F5\r'),('5F5G','Camara Acuatica Canon D30','Camaras Acuaticas',5999,'5F5\r'),('5F5H','Camara Acuatica Fujifilm Finepix XP80 Amarilla','Camaras Acuaticas',4617,'5F5\r'),('5F5I','Videocamara Sony Action Cam HDR-AS15','Camaras Deportivas',3899,'5F5\r'),('5F5J','Camara Fujifilm Instax Mini 8','Camaras Instantaneas',1999,'5F5\r'),('5F6A','Nano Drone Hubsan H111 mas MSD 16GB','Drones ',699,'5F6\r'),('5F6B','Mini Drone Parrot Jumping Sumo Negro','Drones ',2499,'5F6\r'),('5F6C','Mini Drone Parrot Rolling Spider Rojo','Drones ',2299,'5F6\r'),('5F6D','Mini Drone Parrot Rolling Spider Azul','Drones ',2499,'5F6\r'),('5F6E','Mini Drone Wonder Tech RCS666','Drones ',699,'5F6\r'),('5F6F','Bateria Muvi 5300 mAh TMVH-058','Accesorios para drones ',2133,'5F6\r'),('5F6G','Brujula de Repuesto DJI Para Phantom 2 Vision','Accesorios para drones ',169,'5F6\r'),('5F6H','Cable USB Interno DJI Para Phantom2 Vision Y Phantom 2 Vision Plus','Accesorios para drones ',119,'5F6\r'),('5F6I','Control de Velocidad Electronico DJI Para Phantom 2 Vision','Accesorios para drones ',224,'5F6\r'),('5F6J','Controlador Principal DJI Para Phantom 2 Vision','Accesorios para drones ',5549,'5F6\r'),('6G10A','iPad Air 2 Apple Wi-Fi 16 GB Plateado','iPad',4999,'6G10\r'),('6G10B','iPad Pro Apple 32 GB Plateado','iPad',15499,'6G10\r'),('6G10C','iPad Pro Apple 32 GB Dorado','iPad',15499,'6G10\r'),('6G10D','Tablet Acer Iconia One 7 16 GB Negro','Tablets Android',1799,'6G10\r'),('6G10E','Tablet Acer Iconia 16 GB Blanco','Tablets Android',2499,'6G10\r'),('6G10F','Tablet Archos 97 8 GB Blanco','Tablets Android',3799,'6G10\r'),('6G10G','Tablet Vulcan Challenger 16 GB Negro','Tablets windows',1499,'6G10\r'),('6G10H','Tablet Lenovo Yoga 2 32GB Negro','Tablets windows',3999,'6G10\r'),('6G10I','Tablet Microsoft Surface Pro 3 128 GB Negro','Tablets windows',24999,'6G10\r'),('6G10J','Tablet Microsoft Surface Pro 3 4G LTE 64 GB','Tablets windows',10999,'6G10\r'),('6G1A','\"Monitor BenQ DL2020 LED 19.5\"\"\"','Monitores ',1990,'6G1\r'),('6G1B','\"Monitor BenQ GL2460 LED 24\"\"\"','Monitores ',3549,'6G1\r'),('6G1C','\"Monitor BenQ GW2270H LED 21.5\"\"\"','Monitores ',2999,'6G1\r'),('6G1D','\"Monitor BenQ XL2411Z LED 24\"\"\"','Monitores ',6999,'6G1\r'),('6G1E','Monitor BenQ GW2760HM 27P mas teclado y raton','Monitores ',5620,'6G1\r'),('6G1F','Proyector BenQ 3000 Lumens MX620ST DLP','Proyectores ',14180,'6G1\r'),('6G1G','Proyector BenQ 3200 Lumens MS630ST','Proyectores ',12099,'6G1\r'),('6G1H','Proyector BenQ 3300 Lumens MS527','Proyectores ',8499,'6G1\r'),('6G1I','Proyector Epson 2700 Lumens PowerLite S27 SVGA','Proyectores ',7489,'6G1\r'),('6G1J','Proyector ViewSonic 3300 Lumens PJD5255','Proyectores ',9999,'6G1\r'),('6G2A','Botella de Tinta Epson EcoTank Amarillo','Cartuchos',209,'6G2\r'),('6G2B','Botella de Tinta Epson EcoTank Cyan','Cartuchos',209,'6G2\r'),('6G2C','Cartucho de Tinta Brother LC105Y Amarillo','Cartuchos',419,'6G2\r'),('6G2D','Multifuncional Canon Pixma MG2910','Impresoras y multifuncionales',999,'6G2\r'),('6G2E','Impresora Samsung Mod. SL-M2020','Impresoras y multifuncionales',949,'6G2\r'),('6G2F','Impresora HP Pro 8610','Impresoras y multifuncionales',2990,'6G2\r'),('6G2G','Escaner Canon Scan LIDE 120','Scanner',999,'6G2\r'),('6G2H','Escaner Duplex Brother ADS2000e','Scanner',7099,'6G2\r'),('6G2I','Escaner HP Scanjet 300','Scanner',1399,'6G2\r'),('6G2J','Escaner Movil Brother DS 620','Scanner',2299,'6G2\r'),('6G3A','Computadora de Escritorio Acer AZ1-611 Celeron Quad Core J1900 2 GB RAM 500 GB','PC de Escritorio ',5899,'6G3\r'),('6G3B','All in One Lenovo 300 AMD 6 6 GB RAM 1TB','PC de Escritorio ',9999,'6G3\r'),('6G3C','All in One Lenovo C20-00 Celeron N3050 4 GB RAM 1TB','PC de Escritorio ',6999,'6G3\r'),('6G3D','Computadora de Escritorio Dell Inspiron 20 3000 Celeron N3150 4 GB RAM 500 GB','PC de Escritorio ',7499,'6G3\r'),('6G3E','Computadora de Escritorio Dell Inspiron 24 3000 Core i5 8 GB RAM 1TB','PC de Escritorio ',16999,'6G3\r'),('6G3F','Computadora de Escritorio HP Pavilion 500-460la Intel Core i7 12 GB RAM 2TB','PC de Escritorio ',8969,'6G3\r'),('6G3G','Computadora de Escritorio HP Touch Intel Core i5 12 GB RAM 2TB mas Office 365 Personal Microsoft por 1 Ano','PC de Escritorio ',19139,'6G3\r'),('6G3H','Laptop HP Pavilion 23-q154la Quad Core A8 8 GB RAM 1TB','PC de Escritorio ',15999,'6G3\r'),('6G3I','iMac Apple Reacondicionado Core i5 8 GB RAM 1TB','PC de Escritorio ',31999,'6G3\r'),('6G3J','iMac Apple Reacondicionado Core i5 8 GB RAM 1TB','PC de Escritorio ',28999,'6G3\r'),('6G4A','MacBook Air Apple Core i5 4 GB RAM 128 GB Flash SSD','Computadoras mac',18999,'6G4\r'),('6G4B','MacBook Air Apple Core i5 4 GB RAM 128 GB Flash SSD','Computadoras mac',20999,'6G4\r'),('6G4C','Adaptador de Mini DisplayPort a DVI Apple Blanco Mod. MB570BE/B','Accesorios mac',489,'6G4\r'),('6G4D','Cubre teclado Easy Pro Azul para MacBook','Accesorios mac',115,'6G4\r'),('6G4E','iPad Air Wi-Fi Cell 16 GB Plateado','Ipad',9399,'6G4\r'),('6G4F','iPad Air Wi-Fi 16 GB Space Gray','Ipad',4499,'6G4\r'),('6G4G','iPod Nano Apple 16 GB Azul','Ipods',2790,'6G4\r'),('6G4H','Bateria Externa Sony Powder Bank CP-FC/BC 2800 mAh','Fundas y maletines',348,'6G4\r'),('6G4I','Bateria portatil RCA modelo PWB10000BK','Fundas y maletines',699,'6G4\r'),('6G4J','Adaptador de Lightning a 30-Pin Apple Blanco Mod. MD823ZM/A','Cables ipads',470,'6G4\r'),('6G4K','Cable HDMI Belkin 1.8 metros','Cables ipads',289,'6G4\r'),('6G5A','Cubreteclado Boba Negro Version en Espanol','Accesorios Mac',99,'6G5\r'),('6G5B','Disco Duro Externo Sony 1 TB','Discos Duros ',1599,'6G5\r'),('6G5C','Bocina HP 2.0 canales PC S5000','Bocinas',699,'6G5\r'),('6G5D','Adaptador USB TP-Link Inalambrico Banda Dual Archer T2U','Routers',499,'6G5\r'),('6G5E','Banco de Alimentacion y Memoria de Almacenamiento Imation 16 GB','Memorias ',499,'6G5\r'),('6G5F','Mini Mouse Inalambrico Logitech M187 Morado','Mouse',199,'6G5\r'),('6G5G','Bolsa para iPad Cat Ryan Verde/Negro','Movilidad',399,'6G5\r'),('6G5H','Adaptador de corriente General Electric internacional con puerto USB','Perifericos ',399,'6G5\r'),('6G5I','Estacion de Carga Koblenz para Smartphones y Dispositivos MP3','Energia ',328,'6G5\r'),('6G5J','Juego de Teclado y Mouse Steren Inalambricos','Teclados ',529,'6G5\r'),('6G6A','The Elder Scrolls Online Bethesda PC','Juegos',799,'6G6\r'),('6G6B','The Evil Within Tango Gameworks PC','Juegos',1099,'6G6\r'),('6G6C','Diablo II PC by Blizzard','Juegos',240,'6G6\r'),('6G6D','Capturadora de Video Elgato HD60','Accesorios ',3999,'6G6\r'),('6G6E','Capturadora de Video HD Elgato','Accesorios ',3499,'6G6\r'),('6G6F','Diadema Kraken Pro Razer','Accesorios ',1299,'6G6\r'),('6G6G','Laptop Lenovo IdeaPad Y5070 Intel Core i7 8 GB RAM 1TB','Laptops Gaming',17999,'6G6\r'),('6G6H','Laptop HP Omen 15 Touch Intel Core i7 16GB RAM 256GB SSD','Laptops Gaming',24999,'6G6\r'),('6G6I','Consola Dell Alienware X51 R3 Core i7 16 GB RAM 2 TB','Pc Gaming ',27999,'6G6\r'),('6G6J','Consola Dell Alienware Alpha Core i3 8 GB RAM 1 TB','Pc Gaming ',11999,'6G6\r'),('6G7A','Antivirus Eset 2016 NOD32 NOD32 para 3 Equipos por 1 Ano','Antivirus',649,'6G7\r'),('6G7B','Antivirus McAfee Internet Security para 1 PC','Antivirus',259,'6G7\r'),('6G7C','Antivirus McAfee LiveSafe','Antivirus',99,'6G7\r'),('6G7D','Office 2016 Hogar y Empresa Microsoft para Mac 1 Equipo','Office',4999,'6G7\r'),('6G7E','Office 2016 Hogar y Estudiante Microsoft para Mac 1 Equipo','Office',1949,'6G7\r'),('6G7F','Office 365 Personal Microsoft por 1 Ano','Office',599,'6G7\r'),('6G7G','Corel PDF Fusion 1 EN/FR','Productividad',499,'6G7\r'),('6G7H','CorelCAD 2015 Full version ML','Productividad',1999,'6G7\r'),('6G7I','Creator NXT 3 ML','Productividad',299,'6G7\r'),('6G7J','PaintShop Pro X7 ML Mini-Box','Productividad',499,'6G7\r'),('6G8A','Laptop Dell Inspiron 15-5558 Core i7 6 GB RAM 1TB','Laptops',12499,'6G8\r'),('6G8B','Laptop HP AMD A8 6 GB RAM 1TB con power bank- mouse y cubierta mas Office 365 Personal Microsoft por 1 Ano','Laptops',7999,'6G8\r'),('6G8C','Laptop HP Pavilion 15-ac102la Intel Celeron 4 GB RAM 500 GB mas Office 365 Personal Microsoft por 1 Ano','Laptops',5499,'6G8\r'),('6G8D','Chromebook Dell 11 Intel Celeron N2840 4 GB RAM 16 GB SSD','Laptops',4999,'6G8\r'),('6G8E','Laptop Dell Inspiron 11-3162 Celeron N3050 2 GB RAM 500 GB','Laptops',4999,'6G8\r'),('6G8F','Laptop HP 240 G4 Intel Celeron N3050 4 GB RAM 500 GB','Laptops',4999,'6G8\r'),('6G8G','Laptop HP Pavilion 14-ab156 AMD A8 6 GB RAM 1TB','Laptops',9999,'6G8\r'),('6G8H','Laptop HP 240 G4 Celeron N3050 4 GB RAM 1 TB','Laptops',5999,'6G8\r'),('6G8I','Laptop 2 en 1 Lenovo Yoga 500 Intel Core i3 4 GB RAM 500 GB','Laptops',10999,'6G8\r'),('6G9A','Memoria Micro SD Kingston 8 GB Clase 4','Tarjetas de memoria',99,'6G9\r'),('6G9B','Cubierta con Teclado The Sharper Image para iPad','Teclados y soportes',1090,'6G9\r'),('6G9C','Pluma Stylus Wacom Rosa','Stylus',139,'6G9\r'),('6G9D','Funda con Pluma Sharper Image para iPad','Fundas y maletines',120,'6G9\r'),('6G9E','Bateria Portatil iHome 2000 mAh','Baterias externas',299,'6G9\r'),('6G9F','Smart Cover para iPad Mini Mod. MF060ZM/A','Ipad smart cover',430,'6G9\r'),('6G9G','Smart Cover para iPad Mini Mod. MF394ZM/A','Ipad smart cover',449,'6G9\r'),('6G9H','Cable USB a Lightning Belkin 1.2 metros para iPhone 5','Cables ipad',299,'6G9\r'),('6G9I','Audifonos Hype para DJ','Cables tablets',189,'6G9\r'),('6G9J','Cable Retractil Retrak para Tablet Samsung Galaxy Tab 2','Cables tablets',169,'6G9\r'),('AD1B','Amiguito De Actividades Fisher Price Mattel','Juguetes y Estimulacion ',349,'4D1\r'),('AD1D','Monitor Angelcare con Camara de Video de 2 Vias','Monitores y Seguridad',5490,'4D1\r'),('AD1F','Pack Graco Pink: Sistema de Viaje-Columpio y Silla Alta','Autoasientos ',6790,'4D1\r'),('AD1H','Pack Carriola mas Libro y Pizarron Magnetico Frozen','Carriolas',4190,'4D1\r'),('AD1J','Almohada Antirreflujo de Lujo Bami Azul Mod. B-82471','Mama ',349,'4D1\r');
/*!40000 ALTER TABLE `producto` ENABLE KEYS */;
UNLOCK TABLES;

--
-- Table structure for table `subcategoria`
--

DROP TABLE IF EXISTS `subcategoria`;
/*!40101 SET @saved_cs_client     = @@character_set_client */;
/*!40101 SET character_set_client = utf8 */;
CREATE TABLE `subcategoria` (
  `id_subcategoria` varchar(45) NOT NULL,
  `nombre` varchar(50) NOT NULL,
  `id_categoria` int(2) NOT NULL,
  PRIMARY KEY (`id_subcategoria`),
  KEY `fk_Subcategoria_Categoria1_idx` (`id_categoria`),
  CONSTRAINT `fk_Subcategoria_Categoria1` FOREIGN KEY (`id_categoria`) REFERENCES `categoria` (`id_categoria`) ON DELETE CASCADE ON UPDATE CASCADE
) ENGINE=InnoDB DEFAULT CHARSET=utf8;
/*!40101 SET character_set_client = @saved_cs_client */;

--
-- Dumping data for table `subcategoria`
--

LOCK TABLES `subcategoria` WRITE;
/*!40000 ALTER TABLE `subcategoria` DISABLE KEYS */;
INSERT INTO `subcategoria` VALUES ('10K1','Series de TV',10),('10K10','Libros de Texto ',10),('10K11','Libros  Literatura ',10),('10K12','Libros de Ninos',10),('10K13','Libros Novelas',10),('10K14','Libros Ocio',10),('10K15','Libros Otros',10),('10K16','Libros Poesia ',10),('10K17','Libros Licenciaturas ',10),('10K2','Colecciones',10),('10K3','Blu-ray 3D',10),('10K4','DVD',10),('10K5','Libros Adolescentes ',10),('10K6','Libros Arte',10),('10K7','Libros  Cuerpo - Alma y Espiritu ',10),('10K8','Libros Historia',10),('10K9','Libros Lenguaje y Referencia ',10),('11L1','Pequenas Macotas',11),('11L2','Alimento ',11),('11L3','Reptiles',11),('11L4','Perros ',11),('11L5','Gatos',11),('11L6','Peces',11),('11L7','Aves',11),('12M1','PlayStation 4',12),('12M2','PlayStation 3',12),('12M3','PC Gaming',12),('12M4','Xbox One',12),('12M5','Nintendo ',12),('12M6','Xbox 360',12),('13N1','Paquetes Especiales Papeleria ',13),('13N2','Envoltura y Decoracion ',13),('13N3','Arte y Diseno ',13),('13N4','Escritura ',13),('13N5','Escolar',13),('13N6','Oficina ',13),('13N7','Negocio',13),('1A1','Liquidaciones Accesorios',1),('1A10','Cuidado para Ellos',1),('1A11','Cuidado de la piel ',1),('1A12','Salud y Bienestar ',1),('1A13','Cosmeticos ',1),('1A2','Bolsas y Carteras',1),('1A3','Ofertas del Mes',1),('1A4','Relojes',1),('1A5','Joyeria',1),('1A6','Navajas',1),('1A7','Lentes',1),('1A8','Perfumes y Lociones',1),('1A9','Cuidado para Ellas',1),('2B1','Audio',2),('2B2','Tv y Video ',2),('2B3','Electronica ',2),('3C1','Aceites y lubricantes para motor',3),('3C10','Audio para autos',3),('3C11','Rines para autos',3),('3C2','Accesorios exteriores de auto',3),('3C3','Accesorios interiores de auto',3),('3C4','Herramientas y reparacion',3),('3C5','Llantas para automovil ',3),('3C6','Llantas para camioneta',3),('3C7','Seguridad para auto',3),('3C8','Repuestos para auto',3),('3C9','Limpieza para auto',3),('4D1','Bebes ',4),('4D2','Juguetes',4),('5F1','Accesorios Celulares',5),('5F2','Smartphones',5),('5F3','Videocamaras',5),('5F4','Accesorios',5),('5F5','Camaras ',5),('5F6','Drones',5),('6G1','Proyectores y Monitores ',6),('6G10','Tablets',6),('6G2','Scanner e Impresion ',6),('6G3','PC de Escritorio ',6),('6G4','Tienda de Apple',6),('6G5','Accesorios',6),('6G6','PC Gaming ',6),('6G7','Software ',6),('6G8','Laptops',6),('6G9','Accesorios y Celulares ',6),('7H1','Deportes de Raqueta',7),('7H10','Decoracion ',7),('7H11','Jardineria ',7),('7H12','Asadores',7),('7H13','Clima',7),('7H2','Recreativos',7),('7H3','Acuaticos ',7),('7H4','Ciclismo',7),('7H5','Fitness',7),('7H6','Camping',7),('7H7','Running',7),('7H8','Muebles de Jardin',7),('7H9','Juegos de Jardin ',7),('8I1','Refrigeradores y Congeladores ',8),('8I2','Estufas y Campanas ',8),('8I3','Frigobares y Cavas',8),('8I4','Hornos y Parrillas',8),('8I5','Electrodomesticos',8),('8I6','Clima y Ambiente ',8),('8I7','Lavado y Secado ',8),('8I8','Lavavajillas',8),('9J1','Oraganizacion  y Almacenaje ',9),('9J10','Escritorio y Muebles de Oficina ',9),('9J11','Comedores y Muebles de Cocina ',9),('9J12','Centros de Entretenimiento',9),('9J13','Recamaras y Closets',9),('9J14','Muebles Infantiles ',9),('9J15','Sofa cama',9),('9J16','Colchones ',9),('9J17','Salas',9),('9J2','Recamara y Blancos',9),('9J3','Cuarto de Lavado ',9),('9J4','Cocina y Mesa',9),('9J5','Iluminacion ',9),('9J6','Decoracion ',9),('9J7','Persianas',9),('9J9','Bano ',9);
/*!40000 ALTER TABLE `subcategoria` ENABLE KEYS */;
UNLOCK TABLES;

--
-- Table structure for table `tienda`
--

DROP TABLE IF EXISTS `tienda`;
/*!40101 SET @saved_cs_client     = @@character_set_client */;
/*!40101 SET character_set_client = utf8 */;
CREATE TABLE `tienda` (
  `id_tienda` int(11) NOT NULL,
  `nombre_tienda` varchar(45) NOT NULL,
  `direccion_tienda` varchar(150) NOT NULL,
  `estado_tienda` varchar(45) NOT NULL,
  `tel` varchar(45) NOT NULL,
  `usuario_id_usuario` int(11) NOT NULL,
  PRIMARY KEY (`id_tienda`,`usuario_id_usuario`),
  KEY `fk_tienda_usuario1_idx` (`usuario_id_usuario`),
  CONSTRAINT `fk_tienda_usuario1` FOREIGN KEY (`usuario_id_usuario`) REFERENCES `usuario` (`id_usuario`) ON DELETE NO ACTION ON UPDATE NO ACTION
) ENGINE=InnoDB DEFAULT CHARSET=utf8;
/*!40101 SET character_set_client = @saved_cs_client */;

--
-- Dumping data for table `tienda`
--

LOCK TABLES `tienda` WRITE;
/*!40000 ALTER TABLE `tienda` DISABLE KEYS */;
INSERT INTO `tienda` VALUES (1111,'Unidad Insurgentes','Av. Insurgentes Norte #131, 06300, Cuauhtémoc','Ciudad de México','18009255000',148),(1112,'Unidad Madero','Calz. de Guadalupe No. 431, 07840, Gustavo A. Madero','Ciudad de México','15557505328',142),(1113,'Unidad Satélite','Circuito 19 Metalurgistas No 2\n53100 Naucalpan de Juárez','Estado de México','14771945864',144),(1114,'Unidad  Paseo 2000','Corredor Tijuana-rosarito 2000 No. 819, 22235, Tijuana','Tijuana','16642118659',145),(1115,'Unidad Arboledas','Autopista No. Azcapotzalco, Autopista México - Querétaro 3985, Centro Industrial, Centro Industrial Tlalnepantla, 54030 Tlalnepantla','Estado de México','13336583381',0);
/*!40000 ALTER TABLE `tienda` ENABLE KEYS */;
UNLOCK TABLES;

--
-- Table structure for table `tienda_has_producto`
--

DROP TABLE IF EXISTS `tienda_has_producto`;
/*!40101 SET @saved_cs_client     = @@character_set_client */;
/*!40101 SET character_set_client = utf8 */;
CREATE TABLE `tienda_has_producto` (
  `tienda_id_tienda` int(11) NOT NULL,
  `producto_id_producto` varchar(45) NOT NULL,
  `cantidad` int(11) DEFAULT NULL,
  PRIMARY KEY (`tienda_id_tienda`,`producto_id_producto`),
  KEY `fk_tienda_has_producto_producto1_idx` (`producto_id_producto`),
  KEY `fk_tienda_has_producto_tienda1_idx` (`tienda_id_tienda`),
  CONSTRAINT `fk_tienda_has_producto_tienda1` FOREIGN KEY (`tienda_id_tienda`) REFERENCES `tienda` (`id_tienda`) ON DELETE NO ACTION ON UPDATE NO ACTION,
  CONSTRAINT `fk_tienda_has_producto_producto1` FOREIGN KEY (`producto_id_producto`) REFERENCES `producto` (`id_producto`) ON DELETE NO ACTION ON UPDATE NO ACTION
) ENGINE=InnoDB DEFAULT CHARSET=utf8;
/*!40101 SET character_set_client = @saved_cs_client */;

--
-- Dumping data for table `tienda_has_producto`
--

LOCK TABLES `tienda_has_producto` WRITE;
/*!40000 ALTER TABLE `tienda_has_producto` DISABLE KEYS */;
INSERT INTO `tienda_has_producto` VALUES (1111,'1A10A',100),(1111,'1A10B',100),(1111,'1A10C',100),(1111,'1A10D',100),(1111,'1A10E',100),(1111,'1A10F',100),(1111,'1A10G',100),(1111,'1A10H',100),(1111,'1A10I',100),(1111,'1A10J',100),(1111,'1A11A',100),(1111,'1A11B',100),(1111,'1A11C',100),(1111,'1A11D',100),(1111,'1A11E',100),(1111,'1A11F',100),(1111,'1A11G',100),(1111,'1A11H',100),(1111,'1A11I',100),(1111,'1A11J',100),(1111,'1A12A',100),(1111,'1A12B',100),(1111,'1A12C',100),(1111,'1A12D',100),(1111,'1A12E',100),(1111,'1A12F',100),(1111,'1A12G',100),(1111,'1A12H',100),(1111,'1A12I',100),(1111,'1A12J',100),(1111,'1A13A',100),(1111,'1A13B',100),(1111,'1A13C',100),(1111,'1A13D',100),(1111,'1A13E',100),(1111,'1A13F',100),(1111,'1A13G',100),(1111,'1A13H',100),(1111,'1A13I',100),(1111,'1A13J',100),(1111,'1A1A',100),(1111,'1A1B',100),(1111,'1A1C',100),(1111,'1A1D',100),(1111,'1A1E',100),(1111,'1A1F',100),(1111,'1A1G',100),(1111,'1A1H',100),(1111,'1A1I',100),(1111,'1A1J',100),(1111,'1A2A',100),(1111,'1A2B',100),(1111,'1A2C',100),(1111,'1A2D',100),(1111,'1A2E',100),(1111,'1A2F',100),(1111,'1A2G',100),(1111,'1A2H',100),(1111,'1A2I',100),(1111,'1A2J',100),(1111,'1A3A',100),(1111,'1A3B',100),(1111,'1A4A',100),(1111,'1A4B',100),(1111,'1A4C',100),(1111,'1A4D',100),(1111,'1A4E',100),(1111,'1A4F',100),(1111,'1A4G',100),(1111,'1A4H',100),(1111,'1A4I',100),(1111,'1A4J',100),(1111,'1A5A',100),(1111,'1A5B',100),(1111,'1A5C',100),(1111,'1A5D',100),(1111,'1A5E',100),(1111,'1A5F',100),(1111,'1A5G',100),(1111,'1A5H',100),(1111,'1A5I',100),(1111,'1A5J',100),(1111,'1A6A',100),(1111,'1A6B',100),(1111,'1A6C',100),(1111,'1A6D',100),(1111,'1A6E',100),(1111,'1A6F',100),(1111,'1A6G',100),(1111,'1A6H',100),(1111,'1A6I',100),(1111,'1A6J',100),(1111,'1A7A',100),(1111,'1A7B',100),(1111,'1A7C',100),(1111,'1A7D',100),(1111,'1A7E',100),(1111,'1A7F',100),(1111,'1A7G',100),(1111,'1A7H',100),(1111,'1A7I',100),(1111,'1A7J',100),(1111,'1A8A',100),(1111,'1A8B',100),(1111,'1A8C',100),(1111,'1A8D',100),(1111,'1A8E',100),(1111,'1A8F',100),(1111,'1A8G',100),(1111,'1A8H',100),(1111,'1A8I',100),(1111,'1A8J',100),(1111,'1A9A',100),(1111,'1A9AI',100),(1111,'1A9AJ',100),(1111,'1A9B',100),(1111,'1A9C',100),(1111,'1A9D',100),(1111,'1A9E',100),(1111,'1A9F',100),(1111,'1A9G',100),(1111,'1A9H',100),(1111,'2B1A',100),(1111,'2B1B',100),(1111,'2B1C',100),(1111,'2B1D',100),(1111,'2B1E',100),(1111,'2B1F',100),(1111,'2B1G',100),(1111,'2B1H',100),(1111,'2B1I',100),(1111,'2B1J',100),(1111,'2B2A',100),(1111,'2B2B',100),(1111,'2B2C',100),(1111,'2B2D',100),(1111,'2B2E',100),(1111,'2B2F',100),(1111,'2B2G',100),(1111,'2B2I',100),(1111,'2B2J',100),(1111,'2B3A',100),(1111,'2B3B',100),(1111,'2B3C',100),(1111,'2B3D',100),(1111,'2B3E',100),(1111,'2B3F',100),(1111,'2B3G',100),(1111,'2B3H',100),(1111,'2B3I',100),(1111,'2B3J',100),(1111,'3C10A',100),(1111,'3C10B',100),(1111,'3C10C',100),(1111,'3C10D',100),(1111,'3C10E',100),(1111,'3C10F',100),(1111,'3C10G',100),(1111,'3C10H',100),(1111,'3C10I',100),(1111,'3C10J',100),(1111,'3C11A',100),(1111,'3C11B',100),(1111,'3C11C',100),(1111,'3C11D',100),(1111,'3C11E',100),(1111,'3C11F',100),(1111,'3C11G',100),(1111,'3C11H',100),(1111,'3C11I',100),(1111,'3C11J',100),(1111,'3C1A',100),(1111,'3C1B',100),(1111,'3C1C',100),(1111,'3C1D',100),(1111,'3C1E',100),(1111,'3C1F',100),(1111,'3C1G',100),(1111,'3C1H',100),(1111,'3C1I',100),(1111,'3C1J',100),(1111,'3C1K',100),(1111,'3C1L',100),(1111,'3C2A',100),(1111,'3C2B',100),(1111,'3C2C',100),(1111,'3C2D',100),(1111,'3C2E',100),(1111,'3C2F',100),(1111,'3C2G',100),(1111,'3C2H',100),(1111,'3C2I',100),(1111,'3C2J',100),(1111,'3C3A',100),(1111,'3C3B',100),(1111,'3C3C',100),(1111,'3C3D',100),(1111,'3C3E',100),(1111,'3C3F',100),(1111,'3C3G',100),(1111,'3C3H',100),(1111,'3C3I',100),(1111,'3C3J',100),(1111,'3C4A',100),(1111,'3C4B',100),(1111,'3C4C',100),(1111,'3C4D',100),(1111,'3C4E',100),(1111,'3C4F',100),(1111,'3C4G',100),(1111,'3C4H',100),(1111,'3C4I',100),(1111,'3C4J',100),(1111,'3C5A',100),(1111,'3C5B',100),(1111,'3C5C',100),(1111,'3C5D',100),(1111,'3C5E',100),(1111,'3C5F',100),(1111,'3C5G',100),(1111,'3C5H',100),(1111,'3C5I',100),(1111,'3C5J',100),(1111,'3C6A',100),(1111,'3C6B',100),(1111,'3C6C',100),(1111,'3C6D',100),(1111,'3C6E',100),(1111,'3C6F',100),(1111,'3C6G',100),(1111,'3C6H',100),(1111,'3C6I',100),(1111,'3C6J',100),(1111,'3C7A',100),(1111,'3C7B',100),(1111,'3C7C',100),(1111,'3C7D',100),(1111,'3C7E',100),(1111,'3C7F',100),(1111,'3C7G',100),(1111,'3C7H',100),(1111,'3C7I',100),(1111,'3C7J',100),(1111,'3C8A',100),(1111,'3C8B',100),(1111,'3C8C',100),(1111,'3C8D',100),(1111,'3C8E',100),(1111,'3C8F',100),(1111,'3C8G',100),(1111,'3C8H',100),(1111,'3C8I',100),(1111,'3C8J',100),(1111,'3C9A',100),(1111,'3C9B',100),(1111,'3C9C',100),(1111,'3C9D',100),(1111,'3C9E',100),(1111,'3C9F',100),(1111,'3C9G',100),(1111,'3C9H',100),(1111,'3C9I',100),(1111,'3C9J',100),(1111,'4D1A',100),(1111,'4D1C',100),(1111,'4D1E',100),(1111,'4D1G',100),(1111,'4D1I',100),(1111,'4D2A',100),(1111,'4D2B',100),(1111,'4D2C',100),(1111,'4D2E',100),(1111,'4D2F',100),(1111,'4D2G',100),(1111,'4D2H',100),(1111,'4D2I',100),(1111,'4D2J',100),(1111,'4D2K',100),(1111,'4D2L',100),(1111,'4D2M',100),(1111,'4D2N',100),(1111,'4D2O',100),(1111,'4D2P',100),(1111,'4D2Q',100),(1111,'5F1A',100),(1111,'5F1B',100),(1111,'5F1C',100),(1111,'5F1D',100),(1111,'5F1E',100),(1111,'5F1F',100),(1111,'5F1G',100),(1111,'5F1H',100),(1111,'5F1I',100),(1111,'5F1J',100),(1111,'5F2A',100),(1111,'5F2B',100),(1111,'5F2C',100),(1111,'5F2D',100),(1111,'5F2E',100),(1111,'5F2F',100),(1111,'5F2G',100),(1111,'5F2H',100),(1111,'5F2I',100),(1111,'5F2J',100),(1111,'5F3A',100),(1111,'5F3B',100),(1111,'5F3C',100),(1111,'5F3D',100),(1111,'5F3E',100),(1111,'5F3F',100),(1111,'5F3G',100),(1111,'5F3H',100),(1111,'5F3I',100),(1111,'5F3J',100),(1111,'5F4A',100),(1111,'5F4B',100),(1111,'5F4C',100),(1111,'5F4D',100),(1111,'5F4E',100),(1111,'5F4F',100),(1111,'5F4G',100),(1111,'5F4H',100),(1111,'5F4I',100),(1111,'5F4J',100),(1111,'5F5A',100),(1111,'5F5B',100),(1111,'5F5C',100),(1111,'5F5D',100),(1111,'5F5E',100),(1111,'5F5F',100),(1111,'5F5G',100),(1111,'5F5H',100),(1111,'5F5I',100),(1111,'5F5J',100),(1111,'5F6A',100),(1111,'5F6B',100),(1111,'5F6C',100),(1111,'5F6D',100),(1111,'5F6E',100),(1111,'5F6F',100),(1111,'5F6G',100),(1111,'5F6H',100),(1111,'5F6I',100),(1111,'5F6J',100),(1111,'6G10A',100),(1111,'6G10B',100),(1111,'6G10C',100),(1111,'6G10D',100),(1111,'6G10E',100),(1111,'6G10F',100),(1111,'6G10G',100),(1111,'6G10H',100),(1111,'6G10I',100),(1111,'6G10J',100),(1111,'6G1A',100),(1111,'6G1B',100),(1111,'6G1C',100),(1111,'6G1D',100),(1111,'6G1E',100),(1111,'6G1F',100),(1111,'6G1G',100),(1111,'6G1H',100),(1111,'6G1I',100),(1111,'6G1J',100),(1111,'6G2A',100),(1111,'6G2B',100),(1111,'6G2C',100),(1111,'6G2D',100),(1111,'6G2E',100),(1111,'6G2F',100),(1111,'6G2G',100),(1111,'6G2H',100),(1111,'6G2I',100),(1111,'6G2J',100),(1111,'6G3A',100),(1111,'6G3B',100),(1111,'6G3C',100),(1111,'6G3D',100),(1111,'6G3E',100),(1111,'6G3F',100),(1111,'6G3G',100),(1111,'6G3H',100),(1111,'6G3I',100),(1111,'6G3J',100),(1111,'6G4A',100),(1111,'6G4B',100),(1111,'6G4C',100),(1111,'6G4D',100),(1111,'6G4E',100),(1111,'6G4F',100),(1111,'6G4G',100),(1111,'6G4H',100),(1111,'6G4I',100),(1111,'6G4J',100),(1111,'6G4K',100),(1111,'6G5A',100),(1111,'6G5B',100),(1111,'6G5C',100),(1111,'6G5D',100),(1111,'6G5E',100),(1111,'6G5F',100),(1111,'6G5G',100),(1111,'6G5H',100),(1111,'6G5I',100),(1111,'6G5J',100),(1111,'6G6A',100),(1111,'6G6B',100),(1111,'6G6C',100),(1111,'6G6D',100),(1111,'6G6E',100),(1111,'6G6F',100),(1111,'6G6G',100),(1111,'6G6H',100),(1111,'6G6I',100),(1111,'6G6J',100),(1111,'6G7A',100),(1111,'6G7B',100),(1111,'6G7C',100),(1111,'6G7D',100),(1111,'6G7E',100),(1111,'6G7F',100),(1111,'6G7G',100),(1111,'6G7H',100),(1111,'6G7I',100),(1111,'6G7J',100),(1111,'6G8A',100),(1111,'6G8B',100),(1111,'6G8C',100),(1111,'6G8D',100),(1111,'6G8E',100),(1111,'6G8F',100),(1111,'6G8G',100),(1111,'6G8H',100),(1111,'6G8I',100),(1111,'6G9A',100),(1111,'6G9B',100),(1111,'6G9C',100),(1111,'6G9D',100),(1111,'6G9E',100),(1111,'6G9F',100),(1111,'6G9G',100),(1111,'6G9H',100),(1111,'6G9I',100),(1111,'6G9J',100),(1111,'AD1B',100),(1111,'AD1D',100),(1111,'AD1F',100),(1111,'AD1H',100),(1111,'AD1J',100),(1112,'1A10A',100),(1112,'1A10B',100),(1112,'1A10C',100),(1112,'1A10D',100),(1112,'1A10E',100),(1112,'1A10F',100),(1112,'1A10G',100),(1112,'1A10H',100),(1112,'1A10I',100),(1112,'1A10J',100),(1112,'1A11A',100),(1112,'1A11B',100),(1112,'1A11C',100),(1112,'1A11D',100),(1112,'1A11E',100),(1112,'1A11F',100),(1112,'1A11G',100),(1112,'1A11H',100),(1112,'1A11I',100),(1112,'1A11J',100),(1112,'1A12A',100),(1112,'1A12B',100),(1112,'1A12C',100),(1112,'1A12D',100),(1112,'1A12E',100),(1112,'1A12F',100),(1112,'1A12G',100),(1112,'1A12H',100),(1112,'1A12I',100),(1112,'1A12J',100),(1112,'1A13A',100),(1112,'1A13B',100),(1112,'1A13C',100),(1112,'1A13D',100),(1112,'1A13E',100),(1112,'1A13F',100),(1112,'1A13G',100),(1112,'1A13H',100),(1112,'1A13I',100),(1112,'1A13J',100),(1112,'1A1A',100),(1112,'1A1B',100),(1112,'1A1C',100),(1112,'1A1D',100),(1112,'1A1E',100),(1112,'1A1F',100),(1112,'1A1G',100),(1112,'1A1H',100),(1112,'1A1I',100),(1112,'1A1J',100),(1112,'1A2A',100),(1112,'1A2B',100),(1112,'1A2C',100),(1112,'1A2D',100),(1112,'1A2E',100),(1112,'1A2F',100),(1112,'1A2G',100),(1112,'1A2H',100),(1112,'1A2I',100),(1112,'1A2J',100),(1112,'1A3A',100),(1112,'1A3B',100),(1112,'1A4A',100),(1112,'1A4B',100),(1112,'1A4C',100),(1112,'1A4D',100),(1112,'1A4E',100),(1112,'1A4F',100),(1112,'1A4G',100),(1112,'1A4H',100),(1112,'1A4I',100),(1112,'1A4J',100),(1112,'1A5A',100),(1112,'1A5B',100),(1112,'1A5C',100),(1112,'1A5D',100),(1112,'1A5E',100),(1112,'1A5F',100),(1112,'1A5G',100),(1112,'1A5H',100),(1112,'1A5I',100),(1112,'1A5J',100),(1112,'1A6A',100),(1112,'1A6B',100),(1112,'1A6C',100),(1112,'1A6D',100),(1112,'1A6E',100),(1112,'1A6F',100),(1112,'1A6G',100),(1112,'1A6H',100),(1112,'1A6I',100),(1112,'1A6J',100),(1112,'1A7A',100),(1112,'1A7B',100),(1112,'1A7C',100),(1112,'1A7D',100),(1112,'1A7E',100),(1112,'1A7F',100),(1112,'1A7G',100),(1112,'1A7H',100),(1112,'1A7I',100),(1112,'1A7J',100),(1112,'1A8A',100),(1112,'1A8B',100),(1112,'1A8C',100),(1112,'1A8D',100),(1112,'1A8E',100),(1112,'1A8F',100),(1112,'1A8G',100),(1112,'1A8H',100),(1112,'1A8I',100),(1112,'1A8J',100),(1112,'1A9A',100),(1112,'1A9AI',100),(1112,'1A9AJ',100),(1112,'1A9B',100),(1112,'1A9C',100),(1112,'1A9D',100),(1112,'1A9E',100),(1112,'1A9F',100),(1112,'1A9G',100),(1112,'1A9H',100),(1112,'2B1A',100),(1112,'2B1B',100),(1112,'2B1C',100),(1112,'2B1D',100),(1112,'2B1E',100),(1112,'2B1F',100),(1112,'2B1G',100),(1112,'2B1H',100),(1112,'2B1I',100),(1112,'2B1J',100),(1112,'2B2A',100),(1112,'2B2B',100),(1112,'2B2C',100),(1112,'2B2D',100),(1112,'2B2E',100),(1112,'2B2F',100),(1112,'2B2G',100),(1112,'2B2I',100),(1112,'2B2J',100),(1112,'2B3A',100),(1112,'2B3B',100),(1112,'2B3C',100),(1112,'2B3D',100),(1112,'2B3E',100),(1112,'2B3F',100),(1112,'2B3G',100),(1112,'2B3H',100),(1112,'2B3I',100),(1112,'2B3J',100),(1112,'3C10A',100),(1112,'3C10B',100),(1112,'3C10C',100),(1112,'3C10D',100),(1112,'3C10E',100),(1112,'3C10F',100),(1112,'3C10G',100),(1112,'3C10H',100),(1112,'3C10I',100),(1112,'3C10J',100),(1112,'3C11A',100),(1112,'3C11B',100),(1112,'3C11C',100),(1112,'3C11D',100),(1112,'3C11E',100),(1112,'3C11F',100),(1112,'3C11G',100),(1112,'3C11H',100),(1112,'3C11I',100),(1112,'3C11J',100),(1112,'3C1A',100),(1112,'3C1B',100),(1112,'3C1C',100),(1112,'3C1D',100),(1112,'3C1E',100),(1112,'3C1F',100),(1112,'3C1G',100),(1112,'3C1H',100),(1112,'3C1I',100),(1112,'3C1J',100),(1112,'3C1K',100),(1112,'3C1L',100),(1112,'3C2A',100),(1112,'3C2B',100),(1112,'3C2C',100),(1112,'3C2D',100),(1112,'3C2E',100),(1112,'3C2F',100),(1112,'3C2G',100),(1112,'3C2H',100),(1112,'3C2I',100),(1112,'3C2J',100),(1112,'3C3A',100),(1112,'3C3B',100),(1112,'3C3C',100),(1112,'3C3D',100),(1112,'3C3E',100),(1112,'3C3F',100),(1112,'3C3G',100),(1112,'3C3H',100),(1112,'3C3I',100),(1112,'3C3J',100),(1112,'3C4A',100),(1112,'3C4B',100),(1112,'3C4C',100),(1112,'3C4D',100),(1112,'3C4E',100),(1112,'3C4F',100),(1112,'3C4G',100),(1112,'3C4H',100),(1112,'3C4I',100),(1112,'3C4J',100),(1112,'3C5A',100),(1112,'3C5B',100),(1112,'3C5C',100),(1112,'3C5D',100),(1112,'3C5E',100),(1112,'3C5F',100),(1112,'3C5G',100),(1112,'3C5H',100),(1112,'3C5I',100),(1112,'3C5J',100),(1112,'3C6A',100),(1112,'3C6B',100),(1112,'3C6C',100),(1112,'3C6D',100),(1112,'3C6E',100),(1112,'3C6F',100),(1112,'3C6G',100),(1112,'3C6H',100),(1112,'3C6I',100),(1112,'3C6J',100),(1112,'3C7A',100),(1112,'3C7B',100),(1112,'3C7C',100),(1112,'3C7D',100),(1112,'3C7E',100),(1112,'3C7F',100),(1112,'3C7G',100),(1112,'3C7H',100),(1112,'3C7I',100),(1112,'3C7J',100),(1112,'3C8A',100),(1112,'3C8B',100),(1112,'3C8C',100),(1112,'3C8D',100),(1112,'3C8E',100),(1112,'3C8F',100),(1112,'3C8G',100),(1112,'3C8H',100),(1112,'3C8I',100),(1112,'3C8J',100),(1112,'3C9A',100),(1112,'3C9B',100),(1112,'3C9C',100),(1112,'3C9D',100),(1112,'3C9E',100),(1112,'3C9F',100),(1112,'3C9G',100),(1112,'3C9H',100),(1112,'3C9I',100),(1112,'3C9J',100),(1112,'4D1A',100),(1112,'4D1C',100),(1112,'4D1E',100),(1112,'4D1G',100),(1112,'4D1I',100),(1112,'4D2A',100),(1112,'4D2B',100),(1112,'4D2C',100),(1112,'4D2E',100),(1112,'4D2F',100),(1112,'4D2G',100),(1112,'4D2H',100),(1112,'4D2I',100),(1112,'4D2J',100),(1112,'4D2K',100),(1112,'4D2L',100),(1112,'4D2M',100),(1112,'4D2N',100),(1112,'4D2O',100),(1112,'4D2P',100),(1112,'4D2Q',100),(1112,'5F1A',100),(1112,'5F1B',100),(1112,'5F1C',100),(1112,'5F1D',100),(1112,'5F1E',100),(1112,'5F1F',100),(1112,'5F1G',100),(1112,'5F1H',100),(1112,'5F1I',100),(1112,'5F1J',100),(1112,'5F2A',100),(1112,'5F2B',100),(1112,'5F2C',100),(1112,'5F2D',100),(1112,'5F2E',100),(1112,'5F2F',100),(1112,'5F2G',100),(1112,'5F2H',100),(1112,'5F2I',100),(1112,'5F2J',100),(1112,'5F3A',100),(1112,'5F3B',100),(1112,'5F3C',100),(1112,'5F3D',100),(1112,'5F3E',100),(1112,'5F3F',100),(1112,'5F3G',100),(1112,'5F3H',100),(1112,'5F3I',100),(1112,'5F3J',100),(1112,'5F4A',100),(1112,'5F4B',100),(1112,'5F4C',100),(1112,'5F4D',100),(1112,'5F4E',100),(1112,'5F4F',100),(1112,'5F4G',100),(1112,'5F4H',100),(1112,'5F4I',100),(1112,'5F4J',100),(1112,'5F5A',100),(1112,'5F5B',100),(1112,'5F5C',100),(1112,'5F5D',100),(1112,'5F5E',100),(1112,'5F5F',100),(1112,'5F5G',100),(1112,'5F5H',100),(1112,'5F5I',100),(1112,'5F5J',100),(1112,'5F6A',100),(1112,'5F6B',100),(1112,'5F6C',100),(1112,'5F6D',100),(1112,'5F6E',100),(1112,'5F6F',100),(1112,'5F6G',100),(1112,'5F6H',100),(1112,'5F6I',100),(1112,'5F6J',100),(1112,'6G10A',100),(1112,'6G10B',100),(1112,'6G10C',100),(1112,'6G10D',100),(1112,'6G10E',100),(1112,'6G10F',100),(1112,'6G10G',100),(1112,'6G10H',100),(1112,'6G10I',100),(1112,'6G10J',100),(1112,'6G1A',100),(1112,'6G1B',100),(1112,'6G1C',100),(1112,'6G1D',100),(1112,'6G1E',100),(1112,'6G1F',100),(1112,'6G1G',100),(1112,'6G1H',100),(1112,'6G1I',100),(1112,'6G1J',100),(1112,'6G2A',100),(1112,'6G2B',100),(1112,'6G2C',100),(1112,'6G2D',100),(1112,'6G2E',100),(1112,'6G2F',100),(1112,'6G2G',100),(1112,'6G2H',100),(1112,'6G2I',100),(1112,'6G2J',100),(1112,'6G3A',100),(1112,'6G3B',100),(1112,'6G3C',100),(1112,'6G3D',100),(1112,'6G3E',100),(1112,'6G3F',100),(1112,'6G3G',100),(1112,'6G3H',100),(1112,'6G3I',100),(1112,'6G3J',100),(1112,'6G4A',100),(1112,'6G4B',100),(1112,'6G4C',100),(1112,'6G4D',100),(1112,'6G4E',100),(1112,'6G4F',100),(1112,'6G4G',100),(1112,'6G4H',100),(1112,'6G4I',100),(1112,'6G4J',100),(1112,'6G4K',100),(1112,'6G5A',100),(1112,'6G5B',100),(1112,'6G5C',100),(1112,'6G5D',100),(1112,'6G5E',100),(1112,'6G5F',100),(1112,'6G5G',100),(1112,'6G5H',100),(1112,'6G5I',100),(1112,'6G5J',100),(1112,'6G6A',100),(1112,'6G6B',100),(1112,'6G6C',100),(1112,'6G6D',100),(1112,'6G6E',100),(1112,'6G6F',100),(1112,'6G6G',100),(1112,'6G6H',100),(1112,'6G6I',100),(1112,'6G6J',100),(1112,'6G7A',100),(1112,'6G7B',100),(1112,'6G7C',100),(1112,'6G7D',100),(1112,'6G7E',100),(1112,'6G7F',100),(1112,'6G7G',100),(1112,'6G7H',100),(1112,'6G7I',100),(1112,'6G7J',100),(1112,'6G8A',100),(1112,'6G8B',100),(1112,'6G8C',100),(1112,'6G8D',100),(1112,'6G8E',100),(1112,'6G8F',100),(1112,'6G8G',100),(1112,'6G8H',100),(1112,'6G8I',100),(1112,'6G9A',100),(1112,'6G9B',100),(1112,'6G9C',100),(1112,'6G9D',100),(1112,'6G9E',100),(1112,'6G9F',100),(1112,'6G9G',100),(1112,'6G9H',100),(1112,'6G9I',100),(1112,'6G9J',100),(1112,'AD1B',100),(1112,'AD1D',100),(1112,'AD1F',100),(1112,'AD1H',100),(1112,'AD1J',100),(1113,'1A10A',100),(1113,'1A10B',100),(1113,'1A10C',100),(1113,'1A10D',100),(1113,'1A10E',100),(1113,'1A10F',100),(1113,'1A10G',100),(1113,'1A10H',100),(1113,'1A10I',100),(1113,'1A10J',100),(1113,'1A11A',100),(1113,'1A11B',100),(1113,'1A11C',100),(1113,'1A11D',100),(1113,'1A11E',100),(1113,'1A11F',100),(1113,'1A11G',100),(1113,'1A11H',100),(1113,'1A11I',100),(1113,'1A11J',100),(1113,'1A12A',100),(1113,'1A12B',100),(1113,'1A12C',100),(1113,'1A12D',100),(1113,'1A12E',100),(1113,'1A12F',100),(1113,'1A12G',100),(1113,'1A12H',100),(1113,'1A12I',100),(1113,'1A12J',100),(1113,'1A13A',100),(1113,'1A13B',100),(1113,'1A13C',100),(1113,'1A13D',100),(1113,'1A13E',100),(1113,'1A13F',100),(1113,'1A13G',100),(1113,'1A13H',100),(1113,'1A13I',100),(1113,'1A13J',100),(1113,'1A1A',100),(1113,'1A1B',100),(1113,'1A1C',100),(1113,'1A1D',100),(1113,'1A1E',100),(1113,'1A1F',100),(1113,'1A1G',100),(1113,'1A1H',100),(1113,'1A1I',100),(1113,'1A1J',100),(1113,'1A2A',100),(1113,'1A2B',100),(1113,'1A2C',100),(1113,'1A2D',100),(1113,'1A2E',100),(1113,'1A2F',100),(1113,'1A2G',100),(1113,'1A2H',100),(1113,'1A2I',100),(1113,'1A2J',100),(1113,'1A3A',100),(1113,'1A3B',100),(1113,'1A4A',100),(1113,'1A4B',100),(1113,'1A4C',100),(1113,'1A4D',100),(1113,'1A4E',100),(1113,'1A4F',100),(1113,'1A4G',100),(1113,'1A4H',100),(1113,'1A4I',100),(1113,'1A4J',100),(1113,'1A5A',100),(1113,'1A5B',100),(1113,'1A5C',100),(1113,'1A5D',100),(1113,'1A5E',100),(1113,'1A5F',100),(1113,'1A5G',100),(1113,'1A5H',100),(1113,'1A5I',100),(1113,'1A5J',100),(1113,'1A6A',100),(1113,'1A6B',100),(1113,'1A6C',100),(1113,'1A6D',100),(1113,'1A6E',100),(1113,'1A6F',100),(1113,'1A6G',100),(1113,'1A6H',100),(1113,'1A6I',100),(1113,'1A6J',100),(1113,'1A7A',100),(1113,'1A7B',100),(1113,'1A7C',100),(1113,'1A7D',100),(1113,'1A7E',100),(1113,'1A7F',100),(1113,'1A7G',100),(1113,'1A7H',100),(1113,'1A7I',100),(1113,'1A7J',100),(1113,'1A8A',100),(1113,'1A8B',100),(1113,'1A8C',100),(1113,'1A8D',100),(1113,'1A8E',100),(1113,'1A8F',100),(1113,'1A8G',100),(1113,'1A8H',100),(1113,'1A8I',100),(1113,'1A8J',100),(1113,'1A9A',100),(1113,'1A9AI',100),(1113,'1A9AJ',100),(1113,'1A9B',100),(1113,'1A9C',100),(1113,'1A9D',100),(1113,'1A9E',100),(1113,'1A9F',100),(1113,'1A9G',100),(1113,'1A9H',100),(1113,'2B1A',100),(1113,'2B1B',100),(1113,'2B1C',100),(1113,'2B1D',100),(1113,'2B1E',100),(1113,'2B1F',100),(1113,'2B1G',100),(1113,'2B1H',100),(1113,'2B1I',100),(1113,'2B1J',100),(1113,'2B2A',100),(1113,'2B2B',100),(1113,'2B2C',100),(1113,'2B2D',100),(1113,'2B2E',100),(1113,'2B2F',100),(1113,'2B2G',100),(1113,'2B2I',100),(1113,'2B2J',100),(1113,'2B3A',100),(1113,'2B3B',100),(1113,'2B3C',100),(1113,'2B3D',100),(1113,'2B3E',100),(1113,'2B3F',100),(1113,'2B3G',100),(1113,'2B3H',100),(1113,'2B3I',100),(1113,'2B3J',100),(1113,'3C10A',100),(1113,'3C10B',100),(1113,'3C10C',100),(1113,'3C10D',100),(1113,'3C10E',100),(1113,'3C10F',100),(1113,'3C10G',100),(1113,'3C10H',100),(1113,'3C10I',100),(1113,'3C10J',100),(1113,'3C11A',100),(1113,'3C11B',100),(1113,'3C11C',100),(1113,'3C11D',100),(1113,'3C11E',100),(1113,'3C11F',100),(1113,'3C11G',100),(1113,'3C11H',100),(1113,'3C11I',100),(1113,'3C11J',100),(1113,'3C1A',100),(1113,'3C1B',100),(1113,'3C1C',100),(1113,'3C1D',100),(1113,'3C1E',100),(1113,'3C1F',100),(1113,'3C1G',100),(1113,'3C1H',100),(1113,'3C1I',100),(1113,'3C1J',100),(1113,'3C1K',100),(1113,'3C1L',100),(1113,'3C2A',100),(1113,'3C2B',100),(1113,'3C2C',100),(1113,'3C2D',100),(1113,'3C2E',100),(1113,'3C2F',100),(1113,'3C2G',100),(1113,'3C2H',100),(1113,'3C2I',100),(1113,'3C2J',100),(1113,'3C3A',100),(1113,'3C3B',100),(1113,'3C3C',100),(1113,'3C3D',100),(1113,'3C3E',100),(1113,'3C3F',100),(1113,'3C3G',100),(1113,'3C3H',100),(1113,'3C3I',100),(1113,'3C3J',100),(1113,'3C4A',100),(1113,'3C4B',100),(1113,'3C4C',100),(1113,'3C4D',100),(1113,'3C4E',100),(1113,'3C4F',100),(1113,'3C4G',100),(1113,'3C4H',100),(1113,'3C4I',100),(1113,'3C4J',100),(1113,'3C5A',100),(1113,'3C5B',100),(1113,'3C5C',100),(1113,'3C5D',100),(1113,'3C5E',100),(1113,'3C5F',100),(1113,'3C5G',100),(1113,'3C5H',100),(1113,'3C5I',100),(1113,'3C5J',100),(1113,'3C6A',100),(1113,'3C6B',100),(1113,'3C6C',100),(1113,'3C6D',100),(1113,'3C6E',100),(1113,'3C6F',100),(1113,'3C6G',100),(1113,'3C6H',100),(1113,'3C6I',100),(1113,'3C6J',100),(1113,'3C7A',100),(1113,'3C7B',100),(1113,'3C7C',100),(1113,'3C7D',100),(1113,'3C7E',100),(1113,'3C7F',100),(1113,'3C7G',100),(1113,'3C7H',100),(1113,'3C7I',100),(1113,'3C7J',100),(1113,'3C8A',100),(1113,'3C8B',100),(1113,'3C8C',100),(1113,'3C8D',100),(1113,'3C8E',100),(1113,'3C8F',100),(1113,'3C8G',100),(1113,'3C8H',100),(1113,'3C8I',100),(1113,'3C8J',100),(1113,'3C9A',100),(1113,'3C9B',100),(1113,'3C9C',100),(1113,'3C9D',100),(1113,'3C9E',100),(1113,'3C9F',100),(1113,'3C9G',100),(1113,'3C9H',100),(1113,'3C9I',100),(1113,'3C9J',100),(1113,'4D1A',100),(1113,'4D1C',100),(1113,'4D1E',100),(1113,'4D1G',100),(1113,'4D1I',100),(1113,'4D2A',100),(1113,'4D2B',100),(1113,'4D2C',100),(1113,'4D2E',100),(1113,'4D2F',100),(1113,'4D2G',100),(1113,'4D2H',100),(1113,'4D2I',100),(1113,'4D2J',100),(1113,'4D2K',100),(1113,'4D2L',100),(1113,'4D2M',100),(1113,'4D2N',100),(1113,'4D2O',100),(1113,'4D2P',100),(1113,'4D2Q',100),(1113,'5F1A',100),(1113,'5F1B',100),(1113,'5F1C',100),(1113,'5F1D',100),(1113,'5F1E',100),(1113,'5F1F',100),(1113,'5F1G',100),(1113,'5F1H',100),(1113,'5F1I',100),(1113,'5F1J',100),(1113,'5F2A',100),(1113,'5F2B',100),(1113,'5F2C',100),(1113,'5F2D',100),(1113,'5F2E',100),(1113,'5F2F',100),(1113,'5F2G',100),(1113,'5F2H',100),(1113,'5F2I',100),(1113,'5F2J',100),(1113,'5F3A',100),(1113,'5F3B',100),(1113,'5F3C',100),(1113,'5F3D',100),(1113,'5F3E',100),(1113,'5F3F',100),(1113,'5F3G',100),(1113,'5F3H',100),(1113,'5F3I',100),(1113,'5F3J',100),(1113,'5F4A',100),(1113,'5F4B',100),(1113,'5F4C',100),(1113,'5F4D',100),(1113,'5F4E',100),(1113,'5F4F',100),(1113,'5F4G',100),(1113,'5F4H',100),(1113,'5F4I',100),(1113,'5F4J',100),(1113,'5F5A',100),(1113,'5F5B',100),(1113,'5F5C',100),(1113,'5F5D',100),(1113,'5F5E',100),(1113,'5F5F',100),(1113,'5F5G',100),(1113,'5F5H',100),(1113,'5F5I',100),(1113,'5F5J',100),(1113,'5F6A',100),(1113,'5F6B',100),(1113,'5F6C',100),(1113,'5F6D',100),(1113,'5F6E',100),(1113,'5F6F',100),(1113,'5F6G',100),(1113,'5F6H',100),(1113,'5F6I',100),(1113,'5F6J',100),(1113,'6G10A',100),(1113,'6G10B',100),(1113,'6G10C',100),(1113,'6G10D',100),(1113,'6G10E',100),(1113,'6G10F',100),(1113,'6G10G',100),(1113,'6G10H',100),(1113,'6G10I',100),(1113,'6G10J',100),(1113,'6G1A',100),(1113,'6G1B',100),(1113,'6G1C',100),(1113,'6G1D',100),(1113,'6G1E',100),(1113,'6G1F',100),(1113,'6G1G',100),(1113,'6G1H',100),(1113,'6G1I',100),(1113,'6G1J',100),(1113,'6G2A',100),(1113,'6G2B',100),(1113,'6G2C',100),(1113,'6G2D',100),(1113,'6G2E',100),(1113,'6G2F',100),(1113,'6G2G',100),(1113,'6G2H',100),(1113,'6G2I',100),(1113,'6G2J',100),(1113,'6G3A',100),(1113,'6G3B',100),(1113,'6G3C',100),(1113,'6G3D',100),(1113,'6G3E',100),(1113,'6G3F',100),(1113,'6G3G',100),(1113,'6G3H',100),(1113,'6G3I',100),(1113,'6G3J',100),(1113,'6G4A',100),(1113,'6G4B',100),(1113,'6G4C',100),(1113,'6G4D',100),(1113,'6G4E',100),(1113,'6G4F',100),(1113,'6G4G',100),(1113,'6G4H',100),(1113,'6G4I',100),(1113,'6G4J',100),(1113,'6G4K',100),(1113,'6G5A',100),(1113,'6G5B',100),(1113,'6G5C',100),(1113,'6G5D',100),(1113,'6G5E',100),(1113,'6G5F',100),(1113,'6G5G',100),(1113,'6G5H',100),(1113,'6G5I',100),(1113,'6G5J',100),(1113,'6G6A',100),(1113,'6G6B',100),(1113,'6G6C',100),(1113,'6G6D',100),(1113,'6G6E',100),(1113,'6G6F',100),(1113,'6G6G',100),(1113,'6G6H',100),(1113,'6G6I',100),(1113,'6G6J',100),(1113,'6G7A',100),(1113,'6G7B',100),(1113,'6G7C',100),(1113,'6G7D',100),(1113,'6G7E',100),(1113,'6G7F',100),(1113,'6G7G',100),(1113,'6G7H',100),(1113,'6G7I',100),(1113,'6G7J',100),(1113,'6G8A',100),(1113,'6G8B',100),(1113,'6G8C',100),(1113,'6G8D',100),(1113,'6G8E',100),(1113,'6G8F',100),(1113,'6G8G',100),(1113,'6G8H',100),(1113,'6G8I',100),(1113,'6G9A',100),(1113,'6G9B',100),(1113,'6G9C',100),(1113,'6G9D',100),(1113,'6G9E',100),(1113,'6G9F',100),(1113,'6G9G',100),(1113,'6G9H',100),(1113,'6G9I',100),(1113,'6G9J',100),(1113,'AD1B',100),(1113,'AD1D',100),(1113,'AD1F',100),(1113,'AD1H',100),(1113,'AD1J',100),(1114,'1A10A',100),(1114,'1A10B',100),(1114,'1A10C',100),(1114,'1A10D',100),(1114,'1A10E',100),(1114,'1A10F',100),(1114,'1A10G',100),(1114,'1A10H',100),(1114,'1A10I',100),(1114,'1A10J',100),(1114,'1A11A',100),(1114,'1A11B',100),(1114,'1A11C',100),(1114,'1A11D',100),(1114,'1A11E',100),(1114,'1A11F',100),(1114,'1A11G',100),(1114,'1A11H',100),(1114,'1A11I',100),(1114,'1A11J',100),(1114,'1A12A',100),(1114,'1A12B',100),(1114,'1A12C',100),(1114,'1A12D',100),(1114,'1A12E',100),(1114,'1A12F',100),(1114,'1A12G',100),(1114,'1A12H',100),(1114,'1A12I',100),(1114,'1A12J',100),(1114,'1A13A',100),(1114,'1A13B',100),(1114,'1A13C',100),(1114,'1A13D',100),(1114,'1A13E',100),(1114,'1A13F',100),(1114,'1A13G',100),(1114,'1A13H',100),(1114,'1A13I',100),(1114,'1A13J',100),(1114,'1A1A',100),(1114,'1A1B',100),(1114,'1A1C',100),(1114,'1A1D',100),(1114,'1A1E',100),(1114,'1A1F',100),(1114,'1A1G',100),(1114,'1A1H',100),(1114,'1A1I',100),(1114,'1A1J',100),(1114,'1A2A',100),(1114,'1A2B',100),(1114,'1A2C',100),(1114,'1A2D',100),(1114,'1A2E',100),(1114,'1A2F',100),(1114,'1A2G',100),(1114,'1A2H',100),(1114,'1A2I',100),(1114,'1A2J',100),(1114,'1A3A',100),(1114,'1A3B',100),(1114,'1A4A',100),(1114,'1A4B',100),(1114,'1A4C',100),(1114,'1A4D',100),(1114,'1A4E',100),(1114,'1A4F',100),(1114,'1A4G',100),(1114,'1A4H',100),(1114,'1A4I',100),(1114,'1A4J',100),(1114,'1A5A',100),(1114,'1A5B',100),(1114,'1A5C',100),(1114,'1A5D',100),(1114,'1A5E',100),(1114,'1A5F',100),(1114,'1A5G',100),(1114,'1A5H',100),(1114,'1A5I',100),(1114,'1A5J',100),(1114,'1A6A',100),(1114,'1A6B',100),(1114,'1A6C',100),(1114,'1A6D',100),(1114,'1A6E',100),(1114,'1A6F',100),(1114,'1A6G',100),(1114,'1A6H',100),(1114,'1A6I',100),(1114,'1A6J',100),(1114,'1A7A',100),(1114,'1A7B',100),(1114,'1A7C',100),(1114,'1A7D',100),(1114,'1A7E',100),(1114,'1A7F',100),(1114,'1A7G',100),(1114,'1A7H',100),(1114,'1A7I',100),(1114,'1A7J',100),(1114,'1A8A',100),(1114,'1A8B',100),(1114,'1A8C',100),(1114,'1A8D',100),(1114,'1A8E',100),(1114,'1A8F',100),(1114,'1A8G',100),(1114,'1A8H',100),(1114,'1A8I',100),(1114,'1A8J',100),(1114,'1A9A',100),(1114,'1A9AI',100),(1114,'1A9AJ',100),(1114,'1A9B',100),(1114,'1A9C',100),(1114,'1A9D',100),(1114,'1A9E',100),(1114,'1A9F',100),(1114,'1A9G',100),(1114,'1A9H',100),(1114,'2B1A',100),(1114,'2B1B',100),(1114,'2B1C',100),(1114,'2B1D',100),(1114,'2B1E',100),(1114,'2B1F',100),(1114,'2B1G',100),(1114,'2B1H',100),(1114,'2B1I',100),(1114,'2B1J',100),(1114,'2B2A',100),(1114,'2B2B',100),(1114,'2B2C',100),(1114,'2B2D',100),(1114,'2B2E',100),(1114,'2B2F',100),(1114,'2B2G',100),(1114,'2B2I',100),(1114,'2B2J',100),(1114,'2B3A',100),(1114,'2B3B',100),(1114,'2B3C',100),(1114,'2B3D',100),(1114,'2B3E',100),(1114,'2B3F',100),(1114,'2B3G',100),(1114,'2B3H',100),(1114,'2B3I',100),(1114,'2B3J',100),(1114,'3C10A',100),(1114,'3C10B',100),(1114,'3C10C',100),(1114,'3C10D',100),(1114,'3C10E',100),(1114,'3C10F',100),(1114,'3C10G',100),(1114,'3C10H',100),(1114,'3C10I',100),(1114,'3C10J',100),(1114,'3C11A',100),(1114,'3C11B',100),(1114,'3C11C',100),(1114,'3C11D',100),(1114,'3C11E',100),(1114,'3C11F',100),(1114,'3C11G',100),(1114,'3C11H',100),(1114,'3C11I',100),(1114,'3C11J',100),(1114,'3C1A',100),(1114,'3C1B',100),(1114,'3C1C',100),(1114,'3C1D',100),(1114,'3C1E',100),(1114,'3C1F',100),(1114,'3C1G',100),(1114,'3C1H',100),(1114,'3C1I',100),(1114,'3C1J',100),(1114,'3C1K',100),(1114,'3C1L',100),(1114,'3C2A',100),(1114,'3C2B',100),(1114,'3C2C',100),(1114,'3C2D',100),(1114,'3C2E',100),(1114,'3C2F',100),(1114,'3C2G',100),(1114,'3C2H',100),(1114,'3C2I',100),(1114,'3C2J',100),(1114,'3C3A',100),(1114,'3C3B',100),(1114,'3C3C',100),(1114,'3C3D',100),(1114,'3C3E',100),(1114,'3C3F',100),(1114,'3C3G',100),(1114,'3C3H',100),(1114,'3C3I',100),(1114,'3C3J',100),(1114,'3C4A',100),(1114,'3C4B',100),(1114,'3C4C',100),(1114,'3C4D',100),(1114,'3C4E',100),(1114,'3C4F',100),(1114,'3C4G',100),(1114,'3C4H',100),(1114,'3C4I',100),(1114,'3C4J',100),(1114,'3C5A',100),(1114,'3C5B',100),(1114,'3C5C',100),(1114,'3C5D',100),(1114,'3C5E',100),(1114,'3C5F',100),(1114,'3C5G',100),(1114,'3C5H',100),(1114,'3C5I',100),(1114,'3C5J',100),(1114,'3C6A',100),(1114,'3C6B',100),(1114,'3C6C',100),(1114,'3C6D',100),(1114,'3C6E',100),(1114,'3C6F',100),(1114,'3C6G',100),(1114,'3C6H',100),(1114,'3C6I',100),(1114,'3C6J',100),(1114,'3C7A',100),(1114,'3C7B',100),(1114,'3C7C',100),(1114,'3C7D',100),(1114,'3C7E',100),(1114,'3C7F',100),(1114,'3C7G',100),(1114,'3C7H',100),(1114,'3C7I',100),(1114,'3C7J',100),(1114,'3C8A',100),(1114,'3C8B',100),(1114,'3C8C',100),(1114,'3C8D',100),(1114,'3C8E',100),(1114,'3C8F',100),(1114,'3C8G',100),(1114,'3C8H',100),(1114,'3C8I',100),(1114,'3C8J',100),(1114,'3C9A',100),(1114,'3C9B',100),(1114,'3C9C',100),(1114,'3C9D',100),(1114,'3C9E',100),(1114,'3C9F',100),(1114,'3C9G',100),(1114,'3C9H',100),(1114,'3C9I',100),(1114,'3C9J',100),(1114,'4D1A',100),(1114,'4D1C',100),(1114,'4D1E',100),(1114,'4D1G',100),(1114,'4D1I',100),(1114,'4D2A',100),(1114,'4D2B',100),(1114,'4D2C',100),(1114,'4D2E',100),(1114,'4D2F',100),(1114,'4D2G',100),(1114,'4D2H',100),(1114,'4D2I',100),(1114,'4D2J',100),(1114,'4D2K',100),(1114,'4D2L',100),(1114,'4D2M',100),(1114,'4D2N',100),(1114,'4D2O',100),(1114,'4D2P',100),(1114,'4D2Q',100),(1114,'5F1A',100),(1114,'5F1B',100),(1114,'5F1C',100),(1114,'5F1D',100),(1114,'5F1E',100),(1114,'5F1F',100),(1114,'5F1G',100),(1114,'5F1H',100),(1114,'5F1I',100),(1114,'5F1J',100),(1114,'5F2A',100),(1114,'5F2B',100),(1114,'5F2C',100),(1114,'5F2D',100),(1114,'5F2E',100),(1114,'5F2F',100),(1114,'5F2G',100),(1114,'5F2H',100),(1114,'5F2I',100),(1114,'5F2J',100),(1114,'5F3A',100),(1114,'5F3B',100),(1114,'5F3C',100),(1114,'5F3D',100),(1114,'5F3E',100),(1114,'5F3F',100),(1114,'5F3G',100),(1114,'5F3H',100),(1114,'5F3I',100),(1114,'5F3J',100),(1114,'5F4A',100),(1114,'5F4B',100),(1114,'5F4C',100),(1114,'5F4D',100),(1114,'5F4E',100),(1114,'5F4F',100),(1114,'5F4G',100),(1114,'5F4H',100),(1114,'5F4I',100),(1114,'5F4J',100),(1114,'5F5A',100),(1114,'5F5B',100),(1114,'5F5C',100),(1114,'5F5D',100),(1114,'5F5E',100),(1114,'5F5F',100),(1114,'5F5G',100),(1114,'5F5H',100),(1114,'5F5I',100),(1114,'5F5J',100),(1114,'5F6A',100),(1114,'5F6B',100),(1114,'5F6C',100),(1114,'5F6D',100),(1114,'5F6E',100),(1114,'5F6F',100),(1114,'5F6G',100),(1114,'5F6H',100),(1114,'5F6I',100),(1114,'5F6J',100),(1114,'6G10A',100),(1114,'6G10B',100),(1114,'6G10C',100),(1114,'6G10D',100),(1114,'6G10E',100),(1114,'6G10F',100),(1114,'6G10G',100),(1114,'6G10H',100),(1114,'6G10I',100),(1114,'6G10J',100),(1114,'6G1A',100),(1114,'6G1B',100),(1114,'6G1C',100),(1114,'6G1D',100),(1114,'6G1E',100),(1114,'6G1F',100),(1114,'6G1G',100),(1114,'6G1H',100),(1114,'6G1I',100),(1114,'6G1J',100),(1114,'6G2A',100),(1114,'6G2B',100),(1114,'6G2C',100),(1114,'6G2D',100),(1114,'6G2E',100),(1114,'6G2F',100),(1114,'6G2G',100),(1114,'6G2H',100),(1114,'6G2I',100),(1114,'6G2J',100),(1114,'6G3A',100),(1114,'6G3B',100),(1114,'6G3C',100),(1114,'6G3D',100),(1114,'6G3E',100),(1114,'6G3F',100),(1114,'6G3G',100),(1114,'6G3H',100),(1114,'6G3I',100),(1114,'6G3J',100),(1114,'6G4A',100),(1114,'6G4B',100),(1114,'6G4C',100),(1114,'6G4D',100),(1114,'6G4E',100),(1114,'6G4F',100),(1114,'6G4G',100),(1114,'6G4H',100),(1114,'6G4I',100),(1114,'6G4J',100),(1114,'6G4K',100),(1114,'6G5A',100),(1114,'6G5B',100),(1114,'6G5C',100),(1114,'6G5D',100),(1114,'6G5E',100),(1114,'6G5F',100),(1114,'6G5G',100),(1114,'6G5H',100),(1114,'6G5I',100),(1114,'6G5J',100),(1114,'6G6A',100),(1114,'6G6B',100),(1114,'6G6C',100),(1114,'6G6D',100),(1114,'6G6E',100),(1114,'6G6F',100),(1114,'6G6G',100),(1114,'6G6H',100),(1114,'6G6I',100),(1114,'6G6J',100),(1114,'6G7A',100),(1114,'6G7B',100),(1114,'6G7C',100),(1114,'6G7D',100),(1114,'6G7E',100),(1114,'6G7F',100),(1114,'6G7G',100),(1114,'6G7H',100),(1114,'6G7I',100),(1114,'6G7J',100),(1114,'6G8A',100),(1114,'6G8B',100),(1114,'6G8C',100),(1114,'6G8D',100),(1114,'6G8E',100),(1114,'6G8F',100),(1114,'6G8G',100),(1114,'6G8H',100),(1114,'6G8I',100),(1114,'6G9A',100),(1114,'6G9B',100),(1114,'6G9C',100),(1114,'6G9D',100),(1114,'6G9E',100),(1114,'6G9F',100),(1114,'6G9G',100),(1114,'6G9H',100),(1114,'6G9I',100),(1114,'6G9J',100),(1114,'AD1B',100),(1114,'AD1D',100),(1114,'AD1F',100),(1114,'AD1H',100),(1114,'AD1J',100),(1115,'1A10A',100),(1115,'1A10B',100),(1115,'1A10C',100),(1115,'1A10D',100),(1115,'1A10E',100),(1115,'1A10F',100),(1115,'1A10G',100),(1115,'1A10H',100),(1115,'1A10I',100),(1115,'1A10J',100),(1115,'1A11A',100),(1115,'1A11B',100),(1115,'1A11C',100),(1115,'1A11D',100),(1115,'1A11E',100),(1115,'1A11F',100),(1115,'1A11G',100),(1115,'1A11H',100),(1115,'1A11I',100),(1115,'1A11J',100),(1115,'1A12A',100),(1115,'1A12B',100),(1115,'1A12C',100),(1115,'1A12D',100),(1115,'1A12E',100),(1115,'1A12F',100),(1115,'1A12G',100),(1115,'1A12H',100),(1115,'1A12I',100),(1115,'1A12J',100),(1115,'1A13A',100),(1115,'1A13B',100),(1115,'1A13C',100),(1115,'1A13D',100),(1115,'1A13E',100),(1115,'1A13F',100),(1115,'1A13G',100),(1115,'1A13H',100),(1115,'1A13I',100),(1115,'1A13J',100),(1115,'1A1A',100),(1115,'1A1B',100),(1115,'1A1C',100),(1115,'1A1D',100),(1115,'1A1E',100),(1115,'1A1F',100),(1115,'1A1G',100),(1115,'1A1H',100),(1115,'1A1I',100),(1115,'1A1J',100),(1115,'1A2A',100),(1115,'1A2B',100),(1115,'1A2C',100),(1115,'1A2D',100),(1115,'1A2E',100),(1115,'1A2F',100),(1115,'1A2G',100),(1115,'1A2H',100),(1115,'1A2I',100),(1115,'1A2J',100),(1115,'1A3A',100),(1115,'1A3B',100),(1115,'1A4A',100),(1115,'1A4B',100),(1115,'1A4C',100),(1115,'1A4D',100),(1115,'1A4E',100),(1115,'1A4F',100),(1115,'1A4G',100),(1115,'1A4H',100),(1115,'1A4I',100),(1115,'1A4J',100),(1115,'1A5A',100),(1115,'1A5B',100),(1115,'1A5C',100),(1115,'1A5D',100),(1115,'1A5E',100),(1115,'1A5F',100),(1115,'1A5G',100),(1115,'1A5H',100),(1115,'1A5I',100),(1115,'1A5J',100),(1115,'1A6A',100),(1115,'1A6B',100),(1115,'1A6C',100),(1115,'1A6D',100),(1115,'1A6E',100),(1115,'1A6F',100),(1115,'1A6G',100),(1115,'1A6H',100),(1115,'1A6I',100),(1115,'1A6J',100),(1115,'1A7A',100),(1115,'1A7B',100),(1115,'1A7C',100),(1115,'1A7D',100),(1115,'1A7E',100),(1115,'1A7F',100),(1115,'1A7G',100),(1115,'1A7H',100),(1115,'1A7I',100),(1115,'1A7J',100),(1115,'1A8A',100),(1115,'1A8B',100),(1115,'1A8C',100),(1115,'1A8D',100),(1115,'1A8E',100),(1115,'1A8F',100),(1115,'1A8G',100),(1115,'1A8H',100),(1115,'1A8I',100),(1115,'1A8J',100),(1115,'1A9A',100),(1115,'1A9AI',100),(1115,'1A9AJ',100),(1115,'1A9B',100),(1115,'1A9C',100),(1115,'1A9D',100),(1115,'1A9E',100),(1115,'1A9F',100),(1115,'1A9G',100),(1115,'1A9H',100),(1115,'2B1A',100),(1115,'2B1B',100),(1115,'2B1C',100),(1115,'2B1D',100),(1115,'2B1E',100),(1115,'2B1F',100),(1115,'2B1G',100),(1115,'2B1H',100),(1115,'2B1I',100),(1115,'2B1J',100),(1115,'2B2A',100),(1115,'2B2B',100),(1115,'2B2C',100),(1115,'2B2D',100),(1115,'2B2E',100),(1115,'2B2F',100),(1115,'2B2G',100),(1115,'2B2I',100),(1115,'2B2J',100),(1115,'2B3A',100),(1115,'2B3B',100),(1115,'2B3C',100),(1115,'2B3D',100),(1115,'2B3E',100),(1115,'2B3F',100),(1115,'2B3G',100),(1115,'2B3H',100),(1115,'2B3I',100),(1115,'2B3J',100),(1115,'3C10A',100),(1115,'3C10B',100),(1115,'3C10C',100),(1115,'3C10D',100),(1115,'3C10E',100),(1115,'3C10F',100),(1115,'3C10G',100),(1115,'3C10H',100),(1115,'3C10I',100),(1115,'3C10J',100),(1115,'3C11A',100),(1115,'3C11B',100),(1115,'3C11C',100),(1115,'3C11D',100),(1115,'3C11E',100),(1115,'3C11F',100),(1115,'3C11G',100),(1115,'3C11H',100),(1115,'3C11I',100),(1115,'3C11J',100),(1115,'3C1A',100),(1115,'3C1B',100),(1115,'3C1C',100),(1115,'3C1D',100),(1115,'3C1E',100),(1115,'3C1F',100),(1115,'3C1G',100),(1115,'3C1H',100),(1115,'3C1I',100),(1115,'3C1J',100),(1115,'3C1K',100),(1115,'3C1L',100),(1115,'3C2A',100),(1115,'3C2B',100),(1115,'3C2C',100),(1115,'3C2D',100),(1115,'3C2E',100),(1115,'3C2F',100),(1115,'3C2G',100),(1115,'3C2H',100),(1115,'3C2I',100),(1115,'3C2J',100),(1115,'3C3A',100),(1115,'3C3B',100),(1115,'3C3C',100),(1115,'3C3D',100),(1115,'3C3E',100),(1115,'3C3F',100),(1115,'3C3G',100),(1115,'3C3H',100),(1115,'3C3I',100),(1115,'3C3J',100),(1115,'3C4A',100),(1115,'3C4B',100),(1115,'3C4C',100),(1115,'3C4D',100),(1115,'3C4E',100),(1115,'3C4F',100),(1115,'3C4G',100),(1115,'3C4H',100),(1115,'3C4I',100),(1115,'3C4J',100),(1115,'3C5A',100),(1115,'3C5B',100),(1115,'3C5C',100),(1115,'3C5D',100),(1115,'3C5E',100),(1115,'3C5F',100),(1115,'3C5G',100),(1115,'3C5H',100),(1115,'3C5I',100),(1115,'3C5J',100),(1115,'3C6A',100),(1115,'3C6B',100),(1115,'3C6C',100),(1115,'3C6D',100),(1115,'3C6E',100),(1115,'3C6F',100),(1115,'3C6G',100),(1115,'3C6H',100),(1115,'3C6I',100),(1115,'3C6J',100),(1115,'3C7A',100),(1115,'3C7B',100),(1115,'3C7C',100),(1115,'3C7D',100),(1115,'3C7E',100),(1115,'3C7F',100),(1115,'3C7G',100),(1115,'3C7H',100),(1115,'3C7I',100),(1115,'3C7J',100),(1115,'3C8A',100),(1115,'3C8B',100),(1115,'3C8C',100),(1115,'3C8D',100),(1115,'3C8E',100),(1115,'3C8F',100),(1115,'3C8G',100),(1115,'3C8H',100),(1115,'3C8I',100),(1115,'3C8J',100),(1115,'3C9A',100),(1115,'3C9B',100),(1115,'3C9C',100),(1115,'3C9D',100),(1115,'3C9E',100),(1115,'3C9F',100),(1115,'3C9G',100),(1115,'3C9H',100),(1115,'3C9I',100),(1115,'3C9J',100),(1115,'4D1A',100),(1115,'4D1C',100),(1115,'4D1E',100),(1115,'4D1G',100),(1115,'4D1I',100),(1115,'4D2A',100),(1115,'4D2B',100),(1115,'4D2C',100),(1115,'4D2E',100),(1115,'4D2F',100),(1115,'4D2G',100),(1115,'4D2H',100),(1115,'4D2I',100),(1115,'4D2J',100),(1115,'4D2K',100),(1115,'4D2L',100),(1115,'4D2M',100),(1115,'4D2N',100),(1115,'4D2O',100),(1115,'4D2P',100),(1115,'4D2Q',100),(1115,'5F1A',100),(1115,'5F1B',100),(1115,'5F1C',100),(1115,'5F1D',100),(1115,'5F1E',100),(1115,'5F1F',100),(1115,'5F1G',100),(1115,'5F1H',100),(1115,'5F1I',100),(1115,'5F1J',100),(1115,'5F2A',100),(1115,'5F2B',100),(1115,'5F2C',100),(1115,'5F2D',100),(1115,'5F2E',100),(1115,'5F2F',100),(1115,'5F2G',100),(1115,'5F2H',100),(1115,'5F2I',100),(1115,'5F2J',100),(1115,'5F3A',100),(1115,'5F3B',100),(1115,'5F3C',100),(1115,'5F3D',100),(1115,'5F3E',100),(1115,'5F3F',100),(1115,'5F3G',100),(1115,'5F3H',100),(1115,'5F3I',100),(1115,'5F3J',100),(1115,'5F4A',100),(1115,'5F4B',100),(1115,'5F4C',100),(1115,'5F4D',100),(1115,'5F4E',100),(1115,'5F4F',100),(1115,'5F4G',100),(1115,'5F4H',100),(1115,'5F4I',100),(1115,'5F4J',100),(1115,'5F5A',100),(1115,'5F5B',100),(1115,'5F5C',100),(1115,'5F5D',100),(1115,'5F5E',100),(1115,'5F5F',100),(1115,'5F5G',100),(1115,'5F5H',100),(1115,'5F5I',100),(1115,'5F5J',100),(1115,'5F6A',100),(1115,'5F6B',100),(1115,'5F6C',100),(1115,'5F6D',100),(1115,'5F6E',100),(1115,'5F6F',100),(1115,'5F6G',100),(1115,'5F6H',100),(1115,'5F6I',100),(1115,'5F6J',100),(1115,'6G10A',100),(1115,'6G10B',100),(1115,'6G10C',100),(1115,'6G10D',100),(1115,'6G10E',100),(1115,'6G10F',100),(1115,'6G10G',100),(1115,'6G10H',100),(1115,'6G10I',100),(1115,'6G10J',100),(1115,'6G1A',100),(1115,'6G1B',100),(1115,'6G1C',100),(1115,'6G1D',100),(1115,'6G1E',100),(1115,'6G1F',100),(1115,'6G1G',100),(1115,'6G1H',100),(1115,'6G1I',100),(1115,'6G1J',100),(1115,'6G2A',100),(1115,'6G2B',100),(1115,'6G2C',100),(1115,'6G2D',100),(1115,'6G2E',100),(1115,'6G2F',100),(1115,'6G2G',100),(1115,'6G2H',100),(1115,'6G2I',100),(1115,'6G2J',100),(1115,'6G3A',100),(1115,'6G3B',100),(1115,'6G3C',100),(1115,'6G3D',100),(1115,'6G3E',100),(1115,'6G3F',100),(1115,'6G3G',100),(1115,'6G3H',100),(1115,'6G3I',100),(1115,'6G3J',100),(1115,'6G4A',100),(1115,'6G4B',100),(1115,'6G4C',100),(1115,'6G4D',100),(1115,'6G4E',100),(1115,'6G4F',100),(1115,'6G4G',100),(1115,'6G4H',100),(1115,'6G4I',100),(1115,'6G4J',100),(1115,'6G4K',100),(1115,'6G5A',100),(1115,'6G5B',100),(1115,'6G5C',100),(1115,'6G5D',100),(1115,'6G5E',100),(1115,'6G5F',100),(1115,'6G5G',100),(1115,'6G5H',100),(1115,'6G5I',100),(1115,'6G5J',100),(1115,'6G6A',100),(1115,'6G6B',100),(1115,'6G6C',100),(1115,'6G6D',100),(1115,'6G6E',100),(1115,'6G6F',100),(1115,'6G6G',100),(1115,'6G6H',100),(1115,'6G6I',100),(1115,'6G6J',100),(1115,'6G7A',100),(1115,'6G7B',100),(1115,'6G7C',100),(1115,'6G7D',100),(1115,'6G7E',100),(1115,'6G7F',100),(1115,'6G7G',100),(1115,'6G7H',100),(1115,'6G7I',100),(1115,'6G7J',100),(1115,'6G8A',100),(1115,'6G8B',100),(1115,'6G8C',100),(1115,'6G8D',100),(1115,'6G8E',100),(1115,'6G8F',100),(1115,'6G8G',100),(1115,'6G8H',100),(1115,'6G8I',100),(1115,'6G9A',100),(1115,'6G9B',100),(1115,'6G9C',100),(1115,'6G9D',100),(1115,'6G9E',100),(1115,'6G9F',100),(1115,'6G9G',100),(1115,'6G9H',100),(1115,'6G9I',100),(1115,'6G9J',100),(1115,'AD1B',100),(1115,'AD1D',100),(1115,'AD1F',100),(1115,'AD1H',100),(1115,'AD1J',100);
/*!40000 ALTER TABLE `tienda_has_producto` ENABLE KEYS */;
UNLOCK TABLES;

--
-- Table structure for table `usuario`
--

DROP TABLE IF EXISTS `usuario`;
/*!40101 SET @saved_cs_client     = @@character_set_client */;
/*!40101 SET character_set_client = utf8 */;
CREATE TABLE `usuario` (
  `id_usuario` int(11) NOT NULL,
  `nombre_usuario` varchar(45) NOT NULL,
  `codigo_usuario` varchar(45) NOT NULL,
  `password_usuario` varchar(45) NOT NULL,
  `rol` varchar(45) NOT NULL,
  `id_tienda` int(11) NOT NULL,
  PRIMARY KEY (`id_usuario`),
  KEY `fk_usuario_tienda1_idx` (`id_tienda`),
  CONSTRAINT `fk_usuario_tienda1` FOREIGN KEY (`id_tienda`) REFERENCES `tienda` (`id_tienda`) ON DELETE CASCADE ON UPDATE CASCADE
) ENGINE=InnoDB DEFAULT CHARSET=utf8;
/*!40101 SET character_set_client = @saved_cs_client */;

--
-- Dumping data for table `usuario`
--

LOCK TABLES `usuario` WRITE;
/*!40000 ALTER TABLE `usuario` DISABLE KEYS */;
INSERT INTO `usuario` VALUES (140,'Melisa Pavon Eulogio','AA1','caja123','CAJERO',1111),(141,'Luis Miguel Valencia Perez ','AA2','admi453','ADMINISTRADOR',1111),(142,'Ivette Martiez Farias','AA3','admi454','GERENTE',1112),(143,'Sofia Leticia Cruz Sanchez ','AA4','caja124','CAJERO',1112),(144,'Andrea Rayas Hernandez ','AA5','admi455','GERENTE',1114),(145,'Brenda Barrios Martinez ','AA6','admi456','GERENTE',1114),(146,'Daniela Lopez Sanchez','AA7','caja125','CAJERO',1115),(147,'Manuel Hernandez Aguirre','AA8','caja126','CAJERO',1115),(148,'Fabiola Eulogio Salinas','AA9','admi457','GERENTE',1111),(149,'Ericka Gonzales Dorantes','AA10','caja127','CAJERO',1112),(150,'Juan Gutierrez Manriquez','AA11','admi458','GERENTE',1113);
/*!40000 ALTER TABLE `usuario` ENABLE KEYS */;
UNLOCK TABLES;

--
-- Table structure for table `venta`
--

DROP TABLE IF EXISTS `venta`;
/*!40101 SET @saved_cs_client     = @@character_set_client */;
/*!40101 SET character_set_client = utf8 */;
CREATE TABLE `venta` (
  `no_compra` int(11) NOT NULL AUTO_INCREMENT,
  `fecha` date NOT NULL,
  `hora` time NOT NULL,
  `subtotal` double NOT NULL,
  `iva` double NOT NULL,
  `total` double NOT NULL,
  `recibido` double NOT NULL,
  `cambio` double NOT NULL,
  `metodo_pago` varchar(45) NOT NULL,
  `id_usuario` int(11) NOT NULL,
  PRIMARY KEY (`no_compra`),
  KEY `fk_ticket_usuario1_idx` (`id_usuario`),
  CONSTRAINT `fk_ticket_usuario1` FOREIGN KEY (`id_usuario`) REFERENCES `usuario` (`id_usuario`) ON DELETE CASCADE ON UPDATE CASCADE
) ENGINE=InnoDB AUTO_INCREMENT=7 DEFAULT CHARSET=utf8;
/*!40101 SET character_set_client = @saved_cs_client */;

--
-- Dumping data for table `venta`
--

LOCK TABLES `venta` WRITE;
/*!40000 ALTER TABLE `venta` DISABLE KEYS */;
INSERT INTO `venta` VALUES (1,'2017-02-07','23:25:38',7245.84,1380.16,8626,9000,374,'Efectivo',143),(2,'2017-02-07','23:27:18',569.52,108.48,678,479,0,'Tarjeta de Credito',143),(3,'2017-02-07','23:28:18',5456.64,1039.36,6496,7000,504,'Efectivo',143),(4,'2017-02-07','23:36:26',1758.12,334.88,2093,2200,107,'Efectivo',143),(5,'2017-02-07','23:37:49',5271.84,1004.16,6276,6500,224,'Efectivo',146),(6,'2017-02-07','23:41:13',14945.28,2846.72,17792,18000,208,'Efectivo',140);
/*!40000 ALTER TABLE `venta` ENABLE KEYS */;
UNLOCK TABLES;
/*!40103 SET TIME_ZONE=@OLD_TIME_ZONE */;

/*!40101 SET SQL_MODE=@OLD_SQL_MODE */;
/*!40014 SET FOREIGN_KEY_CHECKS=@OLD_FOREIGN_KEY_CHECKS */;
/*!40014 SET UNIQUE_CHECKS=@OLD_UNIQUE_CHECKS */;
/*!40101 SET CHARACTER_SET_CLIENT=@OLD_CHARACTER_SET_CLIENT */;
/*!40101 SET CHARACTER_SET_RESULTS=@OLD_CHARACTER_SET_RESULTS */;
/*!40101 SET COLLATION_CONNECTION=@OLD_COLLATION_CONNECTION */;
/*!40111 SET SQL_NOTES=@OLD_SQL_NOTES */;

-- Dump completed on 2017-04-23  0:15:41
